Callsign,Packet,Lat,Lon,Hours,Minutes,Seconds,Alt,AscentRate,Speed,Sats,Temp,Pressure,Humidity,Batt,CNT1_1,CNT1_2,CNT1_3,CNT1_4,CNT2_1,CNT2_2,CNT2_3,CNT2_4,CNT3_1,CNT3_2,CNT3_3,CNT3_4,CNTTemp,CNTHumid
W0MXX,16,4227921,-7297662,17,41,02,158,0.0,0,6,28.6,1001.2,3.6,3.1,19,35,39,37,39940,46423,49571,31358,20130,14814,17471,4893,0.0,0.0
W0MXX,17,4227911,-7297633,17,41,27,157,-0.1,0,6,28.8,1001.3,3.6,3.1,24,33,39,38,39942,46416,49553,31353,20131,14813,17475,4893,0.0,0.0
W0MXX,18,4227913,-7297633,17,41,47,143,-1.5,2,6,28.9,1001.2,3.6,3.1,24,35,31,39,39957,46422,49548,31367,20129,14806,17487,4893,0.0,0.0
W0MXX,19,4227912,-7297632,17,42,07,149,0.6,0,7,29.1,1001.2,3.5,3.1,22,37,35,35,39976,46432,49565,31377,20131,14813,17500,4895,0.0,0.0
W0MXX,20,4227909,-7297631,17,42,27,156,0.8,0,7,29.2,1001.2,3.5,3.1,25,33,35,34,40004,46456,49585,31397,20139,14817,17512,4895,0.0,0.0
W0MXX,21,4227903,-7297623,17,42,47,165,1.0,0,8,29.4,1001.2,3.5,3.1,23,31,28,34,40025,46471,49593,31415,20145,14819,17505,4889,0.0,0.0
W0MXX,22,4227905,-7297624,17,43,07,169,0.4,1,8,29.5,1001.2,3.5,3.1,22,37,35,37,40038,46479,49603,31430,20152,14823,17504,4893,0.0,0.0
W0MXX,23,4227906,-7297624,17,43,27,161,-0.9,0,8,29.6,1001.2,3.5,3.1,22,35,37,35,40067,46508,49618,31449,20152,14829,17509,4907,0.0,0.0
W0MXX,24,4227908,-7297625,17,43,47,157,-0.4,0,8,29.7,1001.2,3.5,3.1,19,31,34,34,40095,46527,49647,31467,20153,14836,17506,4902,0.0,0.0
W0MXX,25,4227906,-7297626,17,44,07,158,0.2,0,8,29.8,1001.2,3.5,3.1,21,36,37,36,40114,46552,49668,31485,20153,14845,17514,4902,0.0,0.0
W0MXX,26,4227904,-7297625,17,44,27,164,0.6,1,8,29.9,1001.3,3.4,3.1,21,36,36,31,40132,46571,49680,31494,20162,14849,17523,4910,0.0,0.0
W0MXX,27,4227905,-7297625,17,44,47,164,0.0,0,8,30.0,1001.2,3.4,3.1,24,36,33,36,40157,46576,49683,31513,20171,14858,17532,4911,0.0,0.0
W0MXX,28,4227904,-7297624,17,45,07,167,0.4,0,8,30.1,1001.2,3.4,3.0,26,32,35,36,40161,46589,49701,31531,20173,14853,17558,4905,0.0,0.0
W0MXX,29,4227901,-7297620,17,45,27,173,0.6,2,8,30.2,1001.2,3.4,3.1,22,34,34,34,40833,46961,50113,32002,20223,14907,17608,4924,0.0,0.0
W0MXX,30,4227879,-7297614,17,45,47,176,0.4,3,10,30.2,1001.3,3.4,3.1,26,33,37,37,40912,46934,50177,32073,20238,14911,17606,4931,0.0,0.0
W0MXX,31,4227872,-7297613,17,46,07,172,-0.4,1,10,30.4,1001.3,3.4,3.1,25,32,34,35,41039,46969,50262,32170,20234,14923,17569,4939,0.0,0.0
W0MXX,32,4227875,-7297611,17,46,27,172,0.0,0,11,30.5,1001.2,3.4,3.1,24,34,36,35,41082,46926,50248,32182,20229,14906,17492,4928,0.0,0.0
W0MXX,33,4227877,-7297613,17,46,47,173,0.1,0,11,30.5,1001.2,3.4,3.1,19,37,34,34,41117,46917,50259,32202,20240,14911,17430,4928,0.0,0.0
W0MXX,34,4227877,-7297612,17,47,07,172,-0.2,1,11,30.6,1001.3,3.4,3.1,25,36,34,33,41223,46968,50318,32281,20236,14889,17365,4933,0.0,0.0
W0MXX,35,4227873,-7297610,17,47,27,172,0.1,1,11,30.7,1001.4,3.3,3.1,24,35,33,39,41327,47012,50377,32352,20209,14872,17324,4929,0.0,0.0
W0MXX,36,4227872,-7297609,17,47,47,170,-0.3,1,11,30.8,1001.3,3.3,3.1,20,38,35,36,41422,47062,50448,32428,20177,14854,17277,4929,0.0,0.0
W0MXX,37,4227872,-7297609,17,48,07,168,-0.2,0,11,30.9,1001.3,3.3,3.1,22,36,37,33,41468,47083,50459,32457,20135,14815,17216,4922,0.0,0.0
W0MXX,38,4227869,-7297607,17,48,27,169,0.1,2,11,30.9,1001.4,3.3,3.1,21,36,37,35,41356,46949,50325,32364,20084,14762,17159,4904,0.0,0.0
W0MXX,39,4227865,-7297606,17,48,47,168,-0.1,2,11,31.0,1001.4,3.3,3.1,24,35,33,36,41228,46825,50206,32272,20048,14714,17131,4885,0.0,0.0
W0MXX,40,4227869,-7297608,17,49,07,170,0.2,0,11,31.0,1001.4,3.3,3.1,24,36,37,39,41199,46777,50161,32251,20009,14689,17149,4877,0.0,0.0
W0MXX,41,4227870,-7297609,17,49,27,172,0.2,0,12,31.1,1001.3,3.3,3.1,24,38,37,35,41194,46749,50140,32237,19983,14670,17190,4872,0.0,0.0
W0MXX,42,4227868,-7297609,17,49,47,172,0.1,0,12,31.1,1001.3,3.3,3.1,25,34,36,37,41185,46730,50115,32233,19968,14673,17240,4869,0.0,0.0
W0MXX,43,4227867,-7297610,17,50,07,172,-0.1,0,12,31.2,1001.4,3.3,3.1,25,37,36,34,41199,46700,50102,32239,19954,14683,17292,4867,0.0,0.0
W0MXX,44,4227866,-7297610,17,50,27,172,0.1,0,11,31.2,1001.4,3.3,3.1,26,37,39,34,41202,46673,50090,32234,19970,14693,17325,4864,0.0,0.0
W0MXX,45,4227864,-7297610,17,50,47,171,-0.1,0,12,31.3,1001.2,3.3,3.1,28,37,37,39,41175,46627,50055,32212,19977,14704,17367,4867,0.0,0.0
W0MXX,46,4227860,-7297611,17,51,07,171,0.0,1,13,31.3,1001.4,3.3,3.1,26,37,39,40,41184,46618,50038,32206,19998,14718,17397,4870,0.0,0.0
W0MXX,47,4227860,-7297611,17,51,27,171,-0.0,0,13,31.3,1001.3,3.3,3.0,26,37,35,34,41211,46619,50064,32236,20019,14747,17450,4876,0.0,0.0
W0MXX,48,4227861,-7297610,17,51,47,173,0.1,0,13,31.4,1001.3,3.3,3.1,24,36,37,36,41247,46622,50068,32249,20046,14773,17467,4881,0.0,0.0
W0MXX,49,4227863,-7297609,17,52,07,173,0.0,0,13,31.4,1001.3,3.2,3.1,25,34,35,37,41250,46626,50086,32263,20071,14798,17508,4891,0.0,0.0
W0MXX,50,4227864,-7297610,17,52,27,174,0.1,0,13,31.4,1001.3,3.3,3.1,22,37,37,36,41273,46647,50111,32287,20108,14822,17542,4899,0.0,0.0
W0MXX,51,4227864,-7297609,17,52,47,175,0.1,0,13,31.5,1001.4,3.2,3.1,28,40,39,38,41272,46659,50131,32285,20134,14846,17587,4900,0.0,0.0
W0MXX,52,4227867,-7297608,17,53,07,176,0.1,1,13,31.5,1001.2,3.2,3.1,26,37,37,37,41363,46835,50292,32379,20174,14879,17671,4915,0.0,0.0
W0MXX,53,4227866,-7297609,17,53,27,176,-0.0,1,13,31.6,1001.3,3.2,3.1,22,39,42,35,41452,46934,50358,32453,20212,14913,17770,4924,0.0,0.0
W0MXX,54,4227870,-7297600,17,53,47,183,0.9,11,13,31.6,990.6,3.1,3.1,26,36,37,37,41354,46820,50220,32389,20245,14948,17861,4931,0.0,0.0
W0MXX,55,4227873,-7297515,17,54,07,316,14.5,6,12,31.6,977.8,3.0,3.0,25,36,38,37,41190,46535,49929,32223,20258,14954,17925,4925,0.0,0.0
W0MXX,56,4227840,-7297451,17,54,27,417,11.1,13,13,31.7,965.4,2.9,3.0,25,38,37,37,41088,46342,49732,32122,20303,14989,17991,4926,0.0,0.0
W0MXX,57,4227824,-7297386,17,54,47,541,13.6,28,13,31.7,952.1,2.8,3.1,25,37,36,37,40937,46061,49464,31974,20343,15014,18066,4938,0.0,0.0
W0MXX,58,4227752,-7297280,17,55,07,655,12.5,32,13,31.7,941.7,2.8,3.0,25,35,38,37,40806,45780,49199,31837,20397,15061,18153,4938,0.0,0.0
W0MXX,59,4227664,-7297179,17,55,27,729,8.1,16,13,31.7,931.4,2.7,3.1,28,36,37,36,40680,45546,48970,31729,20432,15093,18223,4947,0.0,0.0
W0MXX,60,4227615,-7297088,17,55,47,814,9.3,15,13,31.7,921.6,2.6,3.0,25,39,37,38,40549,45270,48710,31594,20483,15118,18284,4958,0.0,0.0
W0MXX,61,4227514,-7296913,17,56,22,985,12.8,28,13,31.7,909.0,2.5,3.0,46,77,86,60,40299,44910,48776,32205,20847,15180,18504,5001,0.0,0.0
W0MXX,62,4227494,-7296873,17,56,31,1030,4.9,27,13,31.7,897.4,2.5,3.0,26,38,38,36,40154,44645,48105,31239,20549,15156,18361,4964,0.0,0.0
W0MXX,63,4227438,-7296736,17,56,51,1150,13.2,36,13,31.8,886.4,2.4,3.1,24,36,39,35,39976,44356,47799,31089,20578,15164,18375,4968,0.0,0.0
W0MXX,64,4227417,-7296610,17,57,11,1259,11.9,8,13,31.7,875.0,2.4,3.1,24,35,37,37,39791,44060,47505,30902,20605,15182,18409,4971,0.0,0.0
W0MXX,65,4227381,-7296476,17,57,31,1370,12.2,13,13,31.7,862.7,2.4,3.1,23,37,39,38,39516,43678,47105,30676,20588,15166,18389,4968,0.0,0.0
W0MXX,66,4227340,-7296362,17,57,51,1485,12.7,28,13,31.7,851.0,2.3,3.0,24,37,36,37,39388,43427,46843,30542,20626,15187,18419,4978,0.0,0.0
W0MXX,67,4227299,-7296275,17,58,11,1589,11.4,9,13,31.6,840.0,2.3,3.1,23,39,37,36,39073,43020,46430,30293,20596,15152,18392,4960,0.0,0.0
W0MXX,68,4227244,-7296203,17,58,31,1691,11.1,10,13,31.6,826.9,2.2,3.1,22,36,34,37,38759,42609,45998,30026,20557,15118,18345,4953,0.0,0.0
W0MXX,69,4227176,-7296136,17,58,51,1844,16.8,21,13,31.5,814.2,2.2,3.1,25,36,34,35,38505,42242,45623,29808,20539,15106,18330,4938,0.0,0.0
W0MXX,70,4227095,-7296095,17,59,11,1965,13.3,10,13,31.4,801.1,2.1,3.0,23,36,38,37,38216,41854,45206,29545,20486,15056,18281,4927,0.0,0.0
W0MXX,71,4227024,-7296031,17,59,31,2095,14.2,30,13,31.4,787.9,2.1,3.0,17,36,33,35,37875,41412,44742,29249,20373,14973,18195,4893,0.0,0.0
W0MXX,72,4226921,-7295942,17,59,51,2231,14.9,40,13,31.3,775.1,2.0,3.1,25,37,35,36,37659,41070,44400,29070,20397,14992,18212,4904,0.0,0.0
W0MXX,73,4226763,-7295849,18,00,11,2364,14.7,45,13,31.2,762.6,1.8,3.1,23,37,32,36,37451,40773,44088,28889,20385,14973,18213,4899,0.0,0.0
W0MXX,74,4226594,-7295706,18,00,31,2495,14.3,46,13,31.1,751.2,1.7,3.0,23,34,37,41,37242,40480,43766,28701,20353,14940,18194,4892,0.0,0.0
W0MXX,75,4226433,-7295517,18,00,51,2615,13.2,48,13,31.0,740.5,1.6,3.0,22,36,35,36,37141,40312,43599,28603,20420,14997,18243,4899,0.0,0.0
W0MXX,76,4226301,-7295306,18,01,11,2739,13.6,29,13,30.9,730.0,1.5,3.1,23,38,35,36,36962,40048,43329,28443,20438,15006,18263,4910,0.0,0.0
W0MXX,77,4226191,-7295078,18,01,31,2851,12.3,48,13,30.7,719.0,1.4,3.1,25,33,34,37,36718,39724,42976,28232,20381,14963,18196,4895,0.0,0.0
W0MXX,78,4226098,-7294866,18,01,51,2972,13.2,34,13,30.6,708.2,1.2,3.1,24,34,36,35,36537,39468,42723,28108,20396,14987,18191,4895,0.0,0.0
W0MXX,79,4226041,-7294597,18,02,11,3093,13.3,34,13,30.5,697.4,1.2,3.1,20,32,34,33,36420,39258,42509,27981,20409,14987,18185,4901,0.0,0.0
W0MXX,80,4225979,-7294304,18,02,31,3208,12.6,46,13,30.4,686.7,1.1,3.1,22,36,34,34,36260,39021,42274,27853,20388,14959,18136,4894,0.0,0.0
W0MXX,81,4225943,-7293977,18,02,51,3344,14.9,59,13,30.2,675.7,1.1,3.1,22,35,35,34,36057,38742,42018,27689,20467,15024,18166,4911,0.0,0.0
W0MXX,82,4225917,-7293649,18,03,11,3466,13.4,65,13,30.1,665.2,1.1,3.0,21,34,35,35,35773,38361,41624,27456,20415,14971,18080,4898,0.0,0.0
W0MXX,83,4225886,-7293262,18,03,31,3601,14.7,56,13,30.0,654.9,1.1,3.1,20,36,36,37,35547,38015,41301,27253,20403,14962,18033,4897,0.0,0.0
W0MXX,84,4225880,-7292868,18,03,51,3723,13.5,69,13,29.8,644.2,1.0,3.1,23,34,34,34,35100,37505,40765,26910,20314,14877,17898,4876,0.0,0.0
W0MXX,85,4225878,-7292451,18,04,11,3854,14.3,64,13,29.7,634.9,1.0,3.1,19,32,34,35,34755,37089,40347,26632,20222,14810,17773,4855,0.0,0.0
W0MXX,86,4225902,-7292080,18,04,31,3976,13.4,55,13,29.6,624.6,1.1,3.1,21,33,36,33,34564,36808,40059,26463,20222,14790,17697,4854,0.0,0.0
W0MXX,87,4225903,-7291665,18,04,51,4104,14.1,68,13,29.4,613.8,1.0,3.1,21,36,36,32,34363,36545,39774,26300,20191,14766,17607,4852,0.0,0.0
W0MXX,88,4225894,-7291236,18,05,11,4240,14.9,74,13,29.3,603.3,0.9,3.1,17,31,33,34,34068,36188,39416,26055,20104,14688,17478,4823,0.0,0.0
W0MXX,89,4225897,-7290823,18,05,31,4374,14.7,72,13,29.2,593.1,0.9,3.0,18,38,35,37,33745,35816,39032,25800,20022,14615,17349,4803,0.0,0.0
W0MXX,90,4225913,-7290392,18,05,51,4509,14.8,60,13,29.0,583.0,0.9,3.1,18,31,33,35,33416,35434,38619,25517,19895,14513,17197,4777,0.0,0.0
W0MXX,91,4225938,-7289984,18,06,11,4651,15.6,67,13,28.9,572.8,0.9,3.0,20,33,34,33,33167,35125,38324,25324,19822,14439,17074,4762,0.0,0.0
W0MXX,92,4225958,-7289583,18,06,31,4779,14.0,66,13,28.8,563.4,0.9,3.0,17,28,33,35,32944,34869,38054,25151,19786,14395,16959,4748,0.0,0.0
W0MXX,93,4225985,-7289153,18,06,51,4918,15.2,51,13,28.7,554.1,0.9,3.1,19,36,32,34,32612,34479,37638,24880,19684,14313,16816,4730,0.0,0.0
W0MXX,94,4226002,-7288782,18,07,11,5052,14.6,53,13,28.5,544.9,0.8,3.1,20,37,33,34,32172,33996,37130,24554,19559,14214,16655,4694,0.0,0.0
W0MXX,95,4226035,-7288359,18,07,31,5185,14.7,61,13,28.4,536.1,0.9,3.1,28,37,38,34,31984,33785,36879,24386,19481,14149,16534,4670,0.0,0.0
W0MXX,96,4226071,-7287924,18,07,51,5311,13.8,74,13,28.3,526.8,0.9,3.1,20,32,34,39,31717,33465,36566,24190,19365,14058,16375,4640,0.0,0.0
W0MXX,97,4226135,-7287502,18,08,11,5445,14.8,61,13,28.1,517.8,0.8,3.1,19,35,36,36,31509,33227,36292,24000,19270,13961,16233,4617,0.0,0.0
W0MXX,98,4226229,-7287002,18,08,31,5578,14.6,80,13,27.9,509.3,0.8,3.0,23,33,32,38,31156,32836,35845,23717,19143,13856,16069,4587,0.0,0.0
W0MXX,99,4226328,-7286511,18,08,51,5706,14.1,80,13,27.8,500.2,0.8,3.1,19,33,35,36,30862,32491,35475,23493,19028,13772,15925,4559,0.0,0.0
W0MXX,100,4226406,-7286041,18,09,11,5837,14.5,62,13,27.6,491.8,0.9,3.1,20,31,37,38,30811,32418,35394,23446,19027,13761,15880,4564,0.0,0.0
W0MXX,101,4226491,-7285520,18,09,31,5968,14.4,82,13,27.5,483.5,0.9,3.1,20,34,36,35,30677,32257,35217,23339,19003,13724,15754,4554,0.0,0.0
W0MXX,102,4226596,-7285010,18,09,51,6107,15.3,92,13,27.3,475.6,0.8,3.1,20,35,29,35,30527,32074,35032,23216,18977,13698,15659,4547,0.0,0.0
W0MXX,103,4226717,-7284447,18,10,11,6220,12.5,98,13,27.2,467.8,0.8,3.1,24,35,37,37,30124,31595,34520,22889,18741,13505,15418,4489,0.0,0.0
W0MXX,104,4226852,-7283903,18,10,31,6341,13.3,82,13,27.0,460.3,0.8,3.1,20,34,35,36,29996,31418,34350,22778,18788,13525,15380,4497,0.0,0.0
W0MXX,105,4226989,-7283345,18,10,51,6466,13.8,77,13,26.8,453.0,0.8,3.1,21,38,38,42,29761,31158,34040,22598,18684,13442,15232,4474,0.0,0.0
W0MXX,106,4227116,-7282777,18,11,11,6583,12.9,103,13,26.7,445.8,0.8,3.0,27,42,40,39,29619,30984,33863,22479,18675,13427,15132,4471,0.0,0.0
W0MXX,107,4227234,-7282204,18,11,31,6700,12.9,81,13,26.5,439.2,0.8,3.1,27,37,39,38,29249,30529,33405,22184,18447,13235,14886,4415,0.0,0.0
W0MXX,108,4227362,-7281592,18,11,51,6800,11.1,88,13,26.4,432.3,0.8,3.1,26,39,40,32,28954,30156,33047,21943,18357,13173,14768,4395,0.0,0.0
W0MXX,109,4227482,-7281000,18,12,11,6928,14.1,101,13,26.2,425.1,0.8,3.1,24,40,40,39,28454,29589,32427,21537,18080,12948,14479,4329,0.0,0.0
W0MXX,110,4227624,-7280438,18,12,31,7054,14.0,79,13,26.0,418.3,0.7,3.1,25,35,40,39,28126,29235,32038,21276,17888,12805,14286,4283,0.0,0.0
W0MXX,111,4227768,-7279850,18,12,51,7170,12.7,81,13,25.8,410.8,0.7,3.1,24,38,40,41,27744,28771,31581,20989,17775,12714,14155,4253,0.0,0.0
W0MXX,112,4227867,-7279286,18,13,11,7276,11.8,86,13,25.6,406.2,0.8,3.1,22,38,40,40,27655,28627,31483,20920,17822,12739,14134,4262,0.0,0.0
W0MXX,113,4227987,-7278675,18,13,31,7380,11.5,106,13,25.5,401.2,0.8,3.1,25,35,39,42,27367,28310,31125,20688,17654,12601,13956,4230,0.0,0.0
W0MXX,114,4228137,-7278059,18,13,51,7472,10.0,100,13,25.3,395.1,0.8,3.0,23,38,40,41,27036,27944,30730,20434,17551,12521,13794,4190,0.0,0.0
W0MXX,115,4228261,-7277472,18,14,11,7579,11.8,93,13,25.1,388.4,0.8,3.1,27,37,42,40,26716,27601,30337,20176,17315,12331,13569,4138,0.0,0.0
W0MXX,116,4228353,-7276860,18,14,31,7718,15.3,85,13,24.9,383.1,0.7,3.1,23,42,40,40,26520,27410,30115,20029,17260,12291,13499,4130,0.0,0.0
W0MXX,117,4228468,-7276254,18,14,51,7807,9.8,96,13,24.7,376.6,0.7,3.0,25,41,40,35,26263,27120,29806,19819,17151,12193,13358,4106,0.0,0.0
W0MXX,118,4228600,-7275585,18,15,11,7945,15.2,97,13,24.5,369.9,0.8,3.1,22,38,39,40,26085,26945,29617,19679,17075,12125,13243,4083,0.0,0.0
W0MXX,119,4228768,-7274860,18,15,31,8076,14.5,112,13,24.3,363.6,0.9,3.0,25,37,38,37,25945,26798,29445,19563,17086,12129,13217,4090,0.0,0.0
W0MXX,120,4228890,-7274170,18,15,51,8193,12.8,96,13,24.1,358.5,0.8,3.1,23,38,39,39,25543,26318,29019,19252,16949,12018,13061,4056,0.0,0.0
W0MXX,121,4229134,-7272929,18,16,26,8369,13.2,98,13,23.9,351.7,0.8,3.0,38,61,77,50,25385,26228,28807,19106,16854,11951,12944,4034,0.0,0.0
W0MXX,122,4229188,-7272621,18,16,35,8423,5.9,115,13,23.7,347.0,0.8,3.1,22,39,41,40,25300,26068,28707,19069,16867,11953,12903,4037,0.0,0.0
W0MXX,123,4229336,-7271920,18,16,55,8507,9.2,102,13,23.5,341.2,0.8,3.1,25,38,37,40,24976,25698,28298,18805,16730,11840,12742,4001,0.0,0.0
W0MXX,124,4229521,-7271235,18,17,15,8638,14.5,106,13,23.3,335.7,0.8,3.1,24,40,39,40,24702,25412,28005,18599,16593,11719,12606,3968,0.0,0.0
W0MXX,125,4229742,-7270541,18,17,35,8742,11.4,104,13,23.1,331.0,0.8,3.1,22,39,40,37,24547,25267,27844,18482,16557,11695,12535,3961,0.0,0.0
W0MXX,126,4229917,-7269837,18,17,55,8843,11.2,109,13,22.9,325.4,0.8,3.1,27,38,39,39,24298,24996,27555,18273,16549,11686,12486,3960,0.0,0.0
W0MXX,127,4230134,-7269163,18,18,15,8967,13.7,101,13,22.7,320.0,0.9,3.1,26,39,38,37,24064,24766,27278,18088,16327,11493,12281,3905,0.0,0.0
W0MXX,128,4230383,-7268444,18,18,35,9102,14.9,126,13,22.5,314.1,0.8,3.1,20,33,39,40,23747,24414,26894,17837,16147,11360,12095,3858,0.0,0.0
W0MXX,129,4230626,-7267700,18,18,55,9211,12.0,125,13,22.3,310.2,0.9,3.1,23,36,36,38,23630,24334,26799,17751,16267,11442,12166,3892,0.0,0.0
W0MXX,130,4230857,-7267008,18,19,15,9294,9.1,113,13,22.1,306.2,0.8,3.1,22,37,38,39,23445,24127,26568,17593,16137,11336,12028,3863,0.0,0.0
W0MXX,131,4231113,-7266301,18,19,35,9393,11.0,129,13,21.8,301.5,0.8,3.1,23,36,38,38,23287,23963,26389,17474,16047,11269,11926,3839,0.0,0.0
W0MXX,132,4231359,-7265594,18,19,55,9504,12.2,116,13,21.6,296.9,0.8,3.1,25,38,37,37,22974,23637,26015,17232,15910,11154,11782,3809,0.0,0.0
W0MXX,133,4231595,-7264865,18,20,15,9612,11.9,117,12,21.4,292.1,0.9,3.1,23,38,38,37,22807,23450,25805,17103,15779,11047,11646,3771,0.0,0.0
W0MXX,134,4231882,-7264129,18,20,35,9729,13.0,117,13,21.2,288.0,0.8,3.1,21,34,38,36,22572,23191,25522,16928,15633,10935,11502,3741,0.0,0.0
W0MXX,135,4232192,-7263378,18,20,55,9817,9.7,124,13,21.0,284.2,0.8,3.0,20,36,38,38,22381,22993,25315,16790,15564,10894,11412,3726,0.0,0.0
W0MXX,136,4232485,-7262613,18,21,15,9898,8.9,122,13,20.8,279.9,0.9,3.1,22,36,36,36,22203,22794,25090,16657,15497,10835,11331,3708,0.0,0.0
W0MXX,137,4232791,-7261846,18,21,35,10016,13.0,137,13,20.6,275.6,0.9,3.0,21,36,39,35,22155,22732,25025,16607,15526,10846,11332,3716,0.0,0.0
W0MXX,138,4233126,-7261014,18,21,55,10112,10.5,143,13,20.4,271.5,1.0,3.1,21,34,39,33,22021,22610,24880,16498,15444,10774,11253,3696,0.0,0.0
W0MXX,139,4233465,-7260198,18,22,15,10216,11.6,140,13,20.2,267.9,1.0,3.1,21,33,36,38,21922,22523,24778,16421,15389,10739,11179,3683,0.0,0.0
W0MXX,140,4233827,-7259380,18,22,35,10303,9.5,129,13,20.0,264.3,1.1,3.1,20,36,37,36,21769,22373,24618,16306,15253,10625,11058,3651,0.0,0.0
W0MXX,141,4234190,-7258537,18,22,55,10395,10.2,150,13,19.8,260.3,1.1,3.1,20,36,34,35,21707,22327,24558,16258,15335,10692,11099,3667,0.0,0.0
W0MXX,142,4234560,-7257651,18,23,15,10501,11.7,160,13,19.5,256.4,1.1,3.1,18,31,35,34,21505,22097,24307,16099,15208,10570,10971,3637,0.0,0.0
W0MXX,143,4234952,-7256795,18,23,35,10596,10.5,142,13,19.3,251.7,1.1,3.0,18,33,38,36,21394,21999,24188,16021,15271,10629,11006,3655,0.0,0.0
W0MXX,144,4235342,-7255952,18,23,55,10735,15.3,151,13,19.1,247.9,1.0,3.1,17,32,36,37,21033,21603,23752,15731,15047,10437,10803,3596,0.0,0.0
W0MXX,145,4235687,-7255108,18,24,15,10825,9.9,137,13,18.9,244.8,1.0,3.1,18,35,34,35,20881,21453,23584,15611,15119,10493,10855,3621,0.0,0.0
W0MXX,146,4236073,-7254251,18,24,35,10908,9.1,146,13,18.7,241.4,1.0,3.1,22,35,36,38,20669,21210,23315,15440,14948,10363,10691,3575,0.0,0.0
W0MXX,147,4236480,-7253379,18,24,55,11003,10.6,154,13,18.5,237.9,1.0,3.1,16,33,35,31,20443,20973,23058,15268,14848,10276,10585,3553,0.0,0.0
W0MXX,148,4236867,-7252512,18,25,15,11094,10.0,153,13,18.3,234.8,0.9,3.1,20,35,36,35,20323,20837,22904,15176,14771,10220,10521,3536,0.0,0.0
W0MXX,149,4237240,-7251660,18,25,35,11187,10.2,147,13,18.1,231.9,1.0,3.0,16,33,35,35,20195,20710,22762,15074,14689,10152,10435,3511,0.0,0.0
W0MXX,150,4237623,-7250794,18,25,55,11259,8.0,135,13,17.8,228.8,1.0,3.1,16,33,38,37,20084,20592,22640,15001,14718,10172,10439,3525,0.0,0.0
W0MXX,151,4237964,-7249945,18,26,15,11346,9.6,149,13,17.6,225.5,1.0,3.1,17,31,40,33,19939,20442,22471,14882,14537,10032,10279,3481,0.0,0.0
W0MXX,152,4238277,-7249131,18,26,35,11436,9.9,135,13,17.4,222.7,1.1,3.0,17,32,33,33,19697,20185,22191,14695,14419,9939,10177,3451,0.0,0.0
W0MXX,153,4238601,-7248335,18,26,55,11524,9.7,138,13,17.2,220.1,1.1,3.1,18,32,34,34,19677,20170,22168,14687,14432,9934,10170,3456,0.0,0.0
W0MXX,154,4238947,-7247576,18,27,15,11607,9.1,129,13,17.0,217.2,1.1,3.0,17,31,31,33,19659,20153,22159,14673,14560,10043,10262,3480,0.0,0.0
W0MXX,155,4239278,-7246784,18,27,35,11684,8.5,138,13,16.8,214.1,1.1,3.1,16,30,35,34,19493,20030,22022,14545,14560,10042,10253,3486,0.0,0.0
W0MXX,156,4239627,-7246032,18,27,55,11776,10.2,138,12,16.7,211.2,1.1,3.1,18,30,35,31,19300,19835,21806,14398,14428,9928,10142,3449,0.0,0.0
W0MXX,157,4240008,-7245279,18,28,15,11882,11.6,144,13,16.5,208.4,1.2,3.1,18,30,34,33,19377,19947,21908,14472,14594,10053,10256,3488,0.0,0.0
W0MXX,158,4240389,-7244521,18,28,35,11977,10.4,151,13,16.3,205.7,1.2,3.0,14,30,33,31,19249,19807,21756,14366,14542,10014,10214,3477,0.0,0.0
W0MXX,159,4240807,-7243754,18,28,55,12056,8.7,144,13,16.1,202.7,1.2,3.0,17,31,31,34,19156,19722,21655,14295,14380,9883,10074,3441,0.0,0.0
W0MXX,160,4241201,-7242989,18,29,15,12167,12.2,134,12,15.9,199.8,1.3,3.0,15,27,30,35,19059,19623,21553,14208,14327,9838,10014,3430,0.0,0.0
W0MXX,161,4241575,-7242243,18,29,35,12258,10.1,132,13,15.8,197.3,1.3,3.0,15,30,33,29,18921,19492,21399,14103,14436,9910,10099,3452,0.0,0.0
W0MXX,162,4241976,-7241484,18,29,55,12338,8.7,122,13,15.6,194.5,1.3,3.0,15,30,31,34,18909,19489,21394,14095,14459,9930,10116,3462,0.0,0.0
W0MXX,163,4242328,-7240712,18,30,15,12437,10.9,128,13,15.4,191.5,1.2,3.1,16,29,31,33,18745,19317,21205,13962,14382,9856,10058,3443,0.0,0.0
W0MXX,164,4242688,-7239961,18,30,35,12533,10.6,137,13,15.2,188.7,1.2,3.0,17,32,33,31,18622,19185,21054,13875,14285,9788,9967,3419,0.0,0.0
W0MXX,165,4243035,-7239182,18,30,55,12640,11.8,140,13,15.0,186.0,1.2,3.1,18,31,36,33,18609,19148,21039,13839,14377,9858,10031,3439,0.0,0.0
W0MXX,166,4243343,-7238437,18,31,15,12728,9.7,139,13,14.9,183.5,1.2,3.0,15,30,32,31,18443,18968,20844,13726,14239,9734,9914,3405,0.0,0.0
W0MXX,167,4243656,-7237690,18,31,35,12816,9.7,120,13,14.7,181.0,1.2,3.1,14,33,34,35,18397,18927,20793,13693,14147,9665,9838,3384,0.0,0.0
W0MXX,168,4243976,-7236950,18,31,55,12891,8.2,127,13,14.5,178.7,1.2,3.0,13,33,34,34,18215,18735,20573,13557,14035,9578,9740,3364,0.0,0.0
W0MXX,169,4244285,-7236221,18,32,15,12978,9.7,133,13,14.4,176.1,1.2,3.1,17,31,38,37,18157,18676,20496,13514,13975,9527,9682,3347,0.0,0.0
W0MXX,170,4244597,-7235503,18,32,35,13066,9.7,131,13,14.2,173.7,1.2,3.0,17,34,39,35,18081,18594,20402,13458,13954,9520,9678,3350,0.0,0.0
W0MXX,171,4244939,-7234776,18,32,55,13166,11.0,131,13,14.1,170.8,1.2,3.1,19,33,39,36,18011,18535,20344,13402,14131,9641,9797,3383,0.0,0.0
W0MXX,172,4245239,-7234057,18,33,15,13262,10.5,123,13,13.9,168.7,1.2,3.0,16,37,40,38,17884,18434,20216,13309,14088,9602,9764,3372,0.0,0.0
W0MXX,173,4245548,-7233350,18,33,35,13366,11.4,136,13,13.8,166.4,1.2,3.0,20,32,38,37,17910,18466,20264,13329,14093,9598,9756,3372,0.0,0.0
W0MXX,174,4245867,-7232603,18,33,55,13442,8.4,127,13,13.6,164.4,1.3,3.1,21,34,38,37,17831,18391,20174,13262,14013,9531,9699,3355,0.0,0.0
W0MXX,175,4246183,-7231847,18,34,15,13520,8.6,127,13,13.5,162.2,1.3,3.0,16,33,39,36,17814,18378,20172,13262,14077,9580,9749,3371,0.0,0.0
W0MXX,176,4246471,-7231114,18,34,35,13606,9.5,125,13,13.3,160.2,1.4,3.0,19,34,39,38,17756,18312,20094,13210,14096,9585,9760,3373,0.0,0.0
W0MXX,177,4246732,-7230365,18,34,55,13684,8.6,119,13,13.2,158.2,1.4,3.1,18,35,38,35,17701,18272,20038,13173,14102,9579,9761,3372,0.0,0.0
W0MXX,178,4246989,-7229645,18,35,15,13771,9.6,120,13,13.1,156.2,1.4,3.0,20,33,33,38,17586,18154,19913,13088,14049,9549,9719,3364,0.0,0.0
W0MXX,179,4247268,-7228949,18,35,35,13850,8.7,116,13,12.9,154.3,1.4,3.0,18,33,37,34,17518,18101,19842,13034,14046,9543,9707,3360,0.0,0.0
W0MXX,180,4247509,-7228251,18,35,55,13929,8.8,109,13,12.8,152.3,1.4,3.0,18,33,36,37,17409,17987,19716,12946,13990,9485,9672,3347,0.0,0.0
W0MXX,181,4247872,-7227097,18,36,30,14098,12.6,108,13,12.6,149.9,1.4,3.0,17,58,79,72,17398,17991,19919,13115,15429,9670,9617,3334,0.0,0.0
W0MXX,182,4247958,-7226817,18,36,39,14132,3.8,86,13,12.5,148.0,1.4,3.0,16,30,32,33,17289,17867,19590,12866,13944,9457,9633,3339,0.0,0.0
W0MXX,183,4248145,-7226230,18,36,59,14223,10.0,90,13,12.4,146.0,1.4,3.0,17,36,39,34,17171,17761,19473,12773,13841,9385,9550,3314,0.0,0.0
W0MXX,184,4248338,-7225585,18,37,19,14314,10.1,107,12,12.3,143.9,1.4,3.0,17,32,33,30,17116,17715,19418,12727,13805,9343,9514,3302,0.0,0.0
W0MXX,185,4248498,-7224973,18,37,39,14411,10.6,106,12,12.1,142.1,1.4,3.0,19,29,33,33,17024,17624,19309,12653,13757,9296,9482,3292,0.0,0.0
W0MXX,186,4248669,-7224402,18,37,59,14501,9.9,97,12,12.0,140.0,1.4,3.0,15,29,37,34,16936,17534,19216,12585,13655,9218,9394,3274,0.0,0.0
W0MXX,187,4248866,-7223861,18,38,19,14586,9.3,84,12,11.9,137.9,1.4,3.0,15,30,35,33,16943,17546,19224,12600,13818,9352,9521,3312,0.0,0.0
W0MXX,188,4249088,-7223346,18,38,39,14673,9.7,94,12,11.8,136.0,1.4,3.0,15,28,33,32,16869,17468,19139,12549,13819,9352,9534,3312,0.0,0.0
W0MXX,189,4249288,-7222806,18,38,59,14765,10.1,84,12,11.6,134.2,1.4,3.0,17,28,28,35,16744,17332,18995,12447,13713,9263,9454,3287,0.0,0.0
W0MXX,190,4249486,-7222239,18,39,19,14856,10.0,91,12,11.5,132.1,1.4,3.0,16,30,33,31,16753,17348,19011,12466,13864,9384,9572,3319,0.0,0.0
W0MXX,191,4249627,-7221633,18,39,39,14951,10.5,104,12,11.4,130.2,1.4,3.0,15,29,30,31,16680,17281,18920,12399,13766,9291,9502,3299,0.0,0.0
W0MXX,192,4249737,-7221020,18,39,59,15050,10.9,109,12,11.3,128.1,1.4,3.0,15,34,32,27,16621,17217,18854,12349,13708,9243,9426,3276,0.0,0.0
W0MXX,193,4249837,-7220427,18,40,19,15150,11.0,102,12,11.2,126.2,1.4,3.0,16,32,31,31,16521,17121,18754,12284,13642,9212,9393,3267,0.0,0.0
W0MXX,194,4249894,-7219897,18,40,39,15243,10.2,77,12,11.1,124.4,1.4,3.0,14,29,35,28,16376,16976,18585,12173,13535,9129,9317,3243,0.0,0.0
W0MXX,195,4249964,-7219351,18,40,59,15343,11.1,63,12,11.0,122.4,1.4,3.0,12,27,32,28,16295,16901,18506,12121,13524,9122,9314,3242,0.0,0.0
W0MXX,196,4250042,-7218884,18,41,19,15445,11.3,84,12,10.9,120.8,1.4,3.0,11,26,30,30,16238,16849,18448,12069,13517,9103,9314,3241,0.0,0.0
W0MXX,197,4250138,-7218447,18,41,39,15544,10.8,62,12,10.8,119.3,1.4,3.0,10,25,27,32,16200,16823,18418,12042,13565,9137,9358,3251,0.0,0.0
W0MXX,198,4250213,-7218030,18,41,59,15623,8.7,59,12,10.7,117.7,1.3,3.0,12,30,29,27,16180,16813,18385,12033,13664,9215,9429,3273,0.0,0.0
W0MXX,199,4250292,-7217629,18,42,19,15712,9.8,66,12,10.6,116.0,1.3,3.0,10,27,28,29,16151,16788,18387,11989,13657,9210,9434,3273,0.0,0.0
W0MXX,200,4250332,-7217299,18,42,39,15800,9.8,39,11,10.5,114.4,1.3,3.0,11,24,25,28,16115,16764,18370,11953,13692,9224,9470,3273,0.0,0.0
W0MXX,201,4250370,-7216977,18,42,59,15895,10.5,38,12,10.4,112.8,1.3,3.0,14,25,32,26,16037,16696,18286,11899,13599,9149,9390,3254,0.0,0.0
W0MXX,202,4250422,-7216686,18,43,19,15979,9.2,46,12,10.3,111.2,1.3,3.0,10,27,29,28,15959,16606,18190,11835,13549,9110,9363,3241,0.0,0.0
W0MXX,203,4250493,-7216379,18,43,39,16079,11.0,37,12,10.2,109.5,1.3,3.0,14,29,26,29,15929,16585,18161,11821,13499,9086,9333,3232,0.0,0.0
W0MXX,204,4250577,-7216044,18,43,59,16174,10.6,53,12,10.1,108.0,1.4,3.0,12,24,30,29,15811,16455,18021,11723,13390,8990,9242,3206,0.0,0.0
W0MXX,205,4250660,-7215690,18,44,19,16262,9.7,46,11,10.0,106.3,1.4,3.0,9,25,27,27,15726,16365,17921,11668,13331,8962,9217,3194,0.0,0.0
W0MXX,206,4250742,-7215349,18,44,39,16375,12.4,62,12,9.9,104.8,1.3,3.0,7,23,25,24,15686,16337,17884,11632,13361,8981,9216,3188,0.0,0.0
W0MXX,207,4250830,-7215076,18,44,59,16466,10.0,42,12,9.8,103.3,1.4,3.0,8,21,24,25,15634,16275,17825,11601,13356,8975,9230,3198,0.0,0.0
W0MXX,208,4250953,-7214808,18,45,19,16563,10.8,51,12,9.7,101.8,1.3,3.0,10,22,26,26,15528,16167,17702,11511,13260,8891,9160,3171,0.0,0.0
W0MXX,209,4251122,-7214520,18,45,39,16654,10.0,62,12,9.7,100.3,1.3,3.0,7,22,21,25,15479,16124,17658,11482,13319,8945,9210,3188,0.0,0.0
W0MXX,210,4251320,-7214212,18,45,59,16743,9.9,59,12,9.6,99.1,1.4,3.0,8,20,24,22,15442,16120,17648,11459,13374,8996,9262,3204,0.0,0.0
W0MXX,211,4251496,-7213857,18,46,19,16825,9.0,69,12,9.5,97.7,1.4,3.0,7,21,24,19,15364,16032,17551,11401,13283,8916,9193,3181,0.0,0.0
W0MXX,212,4251633,-7213556,18,46,39,16903,8.6,37,12,9.4,96.2,1.4,3.0,5,19,21,25,15296,15967,17474,11293,13242,8883,9183,3177,0.0,0.0
W0MXX,213,4251811,-7213327,18,46,59,17002,10.9,42,12,9.4,95.1,1.4,3.0,10,17,22,22,15318,15992,17506,11345,13298,8931,9226,3183,0.0,0.0
W0MXX,214,4252005,-7213091,18,47,19,17090,9.7,47,12,9.3,93.7,1.4,3.0,7,21,23,23,15160,15830,17330,11218,13156,8819,9126,3150,0.0,0.0
W0MXX,215,4252176,-7212799,18,47,39,17174,9.2,58,12,9.2,92.4,1.4,3.0,5,22,23,24,15099,15771,17260,11167,13083,8767,9065,3133,0.0,0.0
W0MXX,216,4252337,-7212550,18,47,59,17259,9.4,44,12,9.1,91.1,1.4,3.0,7,25,21,25,15045,15706,17193,11127,13056,8753,9056,3133,0.0,0.0
W0MXX,217,4252501,-7212311,18,48,19,17356,10.7,42,12,9.0,89.7,1.4,3.0,4,21,23,21,14949,15598,17084,11063,12980,8706,8994,3115,0.0,0.0
W0MXX,218,4252632,-7212049,18,48,39,17461,11.6,50,12,9.0,88.4,1.4,3.0,7,24,28,26,14925,15588,17068,11045,12961,8689,8985,3110,0.0,0.0
W0MXX,219,4252767,-7211777,18,48,59,17559,10.8,52,12,8.9,87.1,1.4,3.0,6,22,26,23,14838,15493,16965,10982,12985,8710,9021,3120,0.0,0.0
W0MXX,220,4252843,-7211521,18,49,19,17643,9.2,33,12,8.8,85.9,1.4,3.0,7,22,25,24,14844,15486,16957,10963,12982,8694,9019,3111,0.0,0.0
W0MXX,221,4252904,-7211266,18,49,39,17742,10.9,43,12,8.7,84.5,1.4,3.0,10,23,27,27,14785,15433,16897,10932,12971,8690,9023,3114,0.0,0.0
W0MXX,222,4252956,-7211070,18,49,59,17843,11.1,21,11,8.7,83.3,1.4,3.0,9,26,24,25,14737,15396,16860,10906,13004,8736,9066,3124,0.0,0.0
W0MXX,223,4253000,-7210900,18,50,19,17928,9.5,20,11,8.6,82.2,1.4,3.0,8,23,27,27,14720,15366,16829,10887,13017,8746,9075,3129,0.0,0.0
W0MXX,224,4253099,-7210712,18,50,39,18021,10.2,41,11,8.5,81.0,1.4,3.0,8,23,28,25,14658,15310,16756,10839,12937,8675,9010,3103,0.0,0.0
W0MXX,225,4253180,-7210528,18,50,59,18099,8.6,38,11,8.4,79.8,1.4,3.0,8,25,26,29,14607,15257,16707,10801,12906,8665,9000,3105,0.0,0.0
W0MXX,226,4253215,-7210373,18,51,19,18209,12.1,19,11,8.4,78.7,1.4,3.0,10,25,28,26,14565,15224,16659,10765,12927,8683,9023,3113,0.0,0.0
W0MXX,227,4253238,-7210273,18,51,39,18302,10.3,21,11,8.3,77.5,1.4,3.0,11,24,26,29,14539,15196,16636,10744,12976,8724,9080,3125,0.0,0.0
W0MXX,228,4253287,-7210233,18,51,59,18399,10.6,7,11,8.2,76.3,1.4,3.0,9,25,28,29,14486,15139,16580,10694,12878,8656,8991,3097,0.0,0.0
W0MXX,229,4253383,-7210141,18,52,19,18489,10.0,28,11,8.2,75.3,1.4,3.0,11,26,27,27,14439,15103,16532,10647,12870,8644,8975,3082,0.0,0.0
W0MXX,230,4253487,-7210046,18,52,39,18585,10.5,35,11,8.1,74.2,1.4,3.0,10,27,28,27,14332,14996,16408,10558,12656,8488,8843,3050,0.0,0.0
W0MXX,231,4253572,-7209919,18,52,59,18686,11.2,22,11,8.0,73.1,1.4,3.0,9,26,30,28,14340,15011,16437,10568,12772,8584,8936,3077,0.0,0.0
W0MXX,232,4253628,-7209741,18,53,19,18791,11.6,24,11,7.9,72.0,1.4,3.0,11,26,29,28,14255,14922,16336,10496,12682,8509,8845,3039,0.0,0.0
W0MXX,233,4253660,-7209553,18,53,39,18884,10.2,43,11,7.9,70.9,1.4,3.0,11,27,28,30,14166,14848,16249,10422,12615,8463,8840,3039,0.0,0.0
W0MXX,234,4253669,-7209355,18,53,59,18987,11.4,35,11,7.8,69.8,1.3,3.0,12,26,29,29,14121,14789,16194,10379,12529,8406,8770,3015,0.0,0.0
W0MXX,235,4253644,-7209183,18,54,19,19092,11.6,22,11,7.8,68.7,1.4,3.0,11,27,30,29,14116,14813,16220,10358,12547,8428,8787,3021,0.0,0.0
W0MXX,236,4253649,-7209021,18,54,39,19189,10.7,22,11,7.7,67.8,1.4,3.0,11,28,29,29,14046,14729,16130,10287,12451,8352,8712,2996,0.0,0.0
W0MXX,237,4253639,-7208892,18,54,59,19273,9.3,28,11,7.6,66.8,1.4,3.0,12,28,29,29,13961,14668,16069,10231,12471,8375,8746,3006,0.0,0.0
W0MXX,238,4253637,-7208814,18,55,19,19377,11.5,9,11,7.6,65.9,1.4,3.0,11,27,31,29,13921,14624,16013,10188,12442,8358,8735,2999,0.0,0.0
W0MXX,239,4253667,-7208722,18,55,39,19469,10.1,13,11,7.5,65.0,1.4,3.0,11,29,27,31,13854,14557,15932,10134,12388,8314,8699,2986,0.0,0.0
W0MXX,240,4253697,-7208709,18,55,59,19551,9.0,9,11,7.5,64.0,1.4,3.0,11,28,30,30,13830,14531,15904,10159,12487,8397,8778,3010,0.0,0.0
W0MXX,241,4253727,-7208741,18,56,34,19717,12.4,12,11,7.4,62.8,1.4,3.0,31,79,82,28,13788,14578,16141,10395,13455,8482,9026,3146,0.0,0.0
W0MXX,242,4253755,-7208717,18,56,43,19764,5.1,10,11,7.4,61.9,1.4,3.0,11,26,29,27,13764,14464,15828,10123,12504,8421,8813,3015,0.0,0.0
W0MXX,243,4253785,-7208651,18,57,03,19857,10.3,8,11,7.3,61.0,1.3,3.0,12,27,30,29,13738,14446,15800,10166,12493,8407,8828,3016,0.0,0.0
W0MXX,244,4253828,-7208541,18,57,23,19944,9.6,15,11,7.2,60.2,1.3,3.0,11,28,29,29,13714,14423,15768,10156,12497,8407,8838,3018,0.0,0.0
W0MXX,245,4253822,-7208433,18,57,43,20041,10.6,20,11,7.2,59.3,1.4,3.0,11,28,30,29,13678,14385,15726,10140,12513,8449,8874,3028,0.0,0.0
W0MXX,246,4253804,-7208339,18,58,03,20126,9.5,17,11,7.2,58.4,1.4,3.0,10,27,30,27,13644,14356,15696,10109,12481,8410,8841,3014,0.0,0.0
W0MXX,247,4253742,-7208380,18,58,23,20258,14.5,26,11,7.1,57.4,1.3,3.0,11,26,30,29,13591,14310,15641,10072,12438,8384,8814,3005,0.0,0.0
W0MXX,248,4253715,-7208494,18,58,43,20344,9.5,22,11,7.1,56.6,1.3,3.0,12,25,30,28,13553,14272,15604,10036,12449,8396,8840,3013,0.0,0.0
W0MXX,249,4253722,-7208587,18,59,03,20436,10.1,3,11,7.0,55.9,1.3,3.0,12,27,29,28,13531,14252,15577,10023,12446,8399,8842,3008,0.0,0.0
W0MXX,250,4253704,-7208658,18,59,23,20544,11.9,8,11,6.9,55.1,1.3,3.0,10,27,30,31,13517,14241,15567,10012,12413,8391,8823,3002,0.0,0.0
W0MXX,251,4253730,-7208656,18,59,43,20631,9.6,20,11,6.9,54.3,1.3,3.0,13,27,29,31,13467,14182,15505,9975,12445,8410,8858,3012,0.0,0.0
W0MXX,252,4253763,-7208630,19,00,03,20727,10.5,15,11,6.8,53.5,1.3,3.0,12,26,30,30,13477,14182,15510,9981,12522,8479,8941,3030,0.0,0.0
W0MXX,253,4253736,-7208633,19,00,23,20812,9.4,17,11,6.7,52.8,1.4,3.0,12,27,29,29,13436,14153,15467,9943,12390,8381,8842,2994,0.0,0.0
W0MXX,254,4253722,-7208677,19,00,43,20910,10.8,12,11,6.7,52.0,1.4,3.0,10,27,30,31,13447,14168,15490,9965,12475,8458,8914,3017,0.0,0.0
W0MXX,255,4253698,-7208728,19,01,03,21014,11.4,11,11,6.7,51.3,1.4,3.0,11,27,30,30,13403,14115,15434,9922,12419,8419,8890,3009,0.0,0.0
W0MXX,256,4253664,-7208816,19,01,23,21108,10.4,13,11,6.6,50.6,1.4,3.0,12,26,29,28,13353,14075,15381,9883,12393,8398,8867,2995,0.0,0.0
W0MXX,257,4253637,-7208886,19,01,43,21190,9.1,23,9,6.5,49.9,1.4,3.0,10,26,29,30,13317,14042,15342,9860,12374,8420,8904,3009,0.0,0.0
W0MXX,258,4253643,-7208948,19,02,03,21285,10.5,8,9,6.5,49.1,1.4,3.0,11,26,29,31,13328,14050,15360,9872,12418,8438,8908,3005,0.0,0.0
W0MXX,259,4253624,-7208958,19,02,23,21387,11.3,16,9,6.5,48.4,1.4,3.0,10,26,31,29,13259,13985,15276,9819,12353,8383,8861,2988,0.0,0.0
W0MXX,260,4253562,-7209015,19,02,43,21486,10.9,12,9,6.4,47.7,1.4,3.0,11,26,29,28,13258,13976,15273,9819,12422,8449,8922,3003,0.0,0.0
W0MXX,261,4253483,-7209097,19,03,03,21589,11.3,21,9,6.4,46.9,1.4,3.0,9,26,29,30,13234,13960,15256,9803,12426,8450,8936,3009,0.0,0.0
W0MXX,262,4253410,-7209256,19,03,23,21700,12.2,26,9,6.3,46.3,1.4,3.0,11,28,29,29,13181,13907,15191,9762,12380,8426,8921,2999,0.0,0.0
W0MXX,263,4253363,-7209452,19,03,43,21806,11.7,35,9,6.3,45.5,1.4,3.0,9,25,30,29,13158,13886,15167,9745,12389,8423,8931,2999,0.0,0.0
W0MXX,264,4253362,-7209657,19,04,03,21898,10.1,33,9,6.3,44.8,1.4,3.0,10,26,30,29,13137,13866,15140,9730,12388,8444,8951,3004,0.0,0.0
W0MXX,265,4253349,-7209827,19,04,23,21995,10.7,35,9,6.2,44.2,1.4,3.0,10,25,29,28,13157,13885,15166,9740,12434,8491,8990,3011,0.0,0.0
W0MXX,266,4253343,-7210000,19,04,43,22082,9.6,29,9,6.2,43.5,1.4,3.0,10,27,29,26,13135,13862,15143,9727,12430,8487,8996,3014,0.0,0.0
W0MXX,267,4253350,-7210175,19,05,03,22174,10.1,27,9,6.2,43.0,1.4,3.0,9,25,29,28,13090,13817,15097,9701,12392,8460,8971,3004,0.0,0.0
W0MXX,268,4253392,-7210310,19,05,23,22275,11.2,13,9,6.1,42.3,1.4,3.0,8,24,28,28,13046,13781,15053,9659,12355,8430,8964,2994,0.0,0.0
W0MXX,269,4253442,-7210403,19,05,43,22364,9.8,3,9,6.1,41.6,1.4,3.0,9,25,29,27,13012,13736,15007,9635,12308,8399,8924,2978,0.0,0.0
W0MXX,270,4253451,-7210500,19,06,03,22465,11.1,20,9,6.1,41.0,1.4,3.0,10,25,28,27,12994,13717,14982,9617,12311,8408,8939,2987,0.0,0.0
W0MXX,271,4253455,-7210678,19,06,23,22562,10.7,34,9,6.0,40.5,1.4,3.0,10,26,26,27,12951,13669,14934,9589,12301,8405,8932,2982,0.0,0.0
W0MXX,272,4253502,-7210885,19,06,43,22668,11.6,21,9,6.0,39.9,1.4,3.0,7,24,28,27,12912,13631,14894,9557,12238,8364,8895,2969,0.0,0.0
W0MXX,273,4253549,-7211066,19,07,03,22763,10.5,24,9,5.9,39.3,1.4,3.0,9,24,27,27,12918,13651,14915,9570,12298,8426,8940,2981,0.0,0.0
W0MXX,274,4253574,-7211257,19,07,23,22857,10.3,29,9,5.9,38.8,1.4,3.0,9,25,28,29,12828,13557,14803,9503,12196,8343,8875,2956,0.0,0.0
W0MXX,275,4253589,-7211487,19,07,43,22964,11.8,25,10,5.9,38.2,1.4,3.0,8,25,27,28,12799,13519,14762,9483,12136,8316,8833,2946,0.0,0.0
W0MXX,276,4253620,-7211753,19,08,03,23079,12.7,35,10,5.8,37.5,1.4,3.0,10,24,27,27,12795,13536,14784,9482,12121,8294,8814,2937,0.0,0.0
W0MXX,277,4253646,-7211968,19,08,23,23174,10.5,33,10,5.8,37.1,1.4,3.0,9,23,29,29,12777,13506,14751,9471,12211,8374,8901,2964,0.0,0.0
W0MXX,278,4253664,-7212234,19,08,43,23269,10.4,38,10,5.8,36.5,1.4,3.0,7,25,27,27,12743,13486,14719,9445,12203,8366,8915,2963,0.0,0.0
W0MXX,279,4253671,-7212442,19,09,03,23362,10.3,28,10,5.7,36.1,1.4,3.0,9,24,30,27,12731,13472,14706,9432,12178,8353,8905,2956,0.0,0.0
W0MXX,280,4253691,-7212575,19,09,23,23453,10.0,2,10,5.7,35.5,1.4,3.0,8,23,29,26,12678,13416,14644,9394,12173,8353,8907,2959,0.0,0.0
W0MXX,281,4253691,-7212666,19,09,43,23543,9.9,16,10,5.6,34.9,1.4,3.0,8,25,27,28,12676,13405,14639,9390,12142,8342,8892,2953,0.0,0.0
W0MXX,282,4253644,-7212813,19,10,03,23636,10.3,16,10,5.6,34.4,1.4,3.0,10,24,27,29,12608,13330,14556,9341,12011,8247,8795,2921,0.0,0.0
W0MXX,283,4253574,-7212984,19,10,23,23738,11.2,24,10,5.6,33.9,1.4,3.0,10,23,26,28,12620,13352,14574,9340,12106,8327,8864,2937,0.0,0.0
W0MXX,284,4253471,-7213140,19,10,43,23844,11.7,24,10,5.5,33.4,1.4,3.0,7,23,27,25,12592,13314,14536,9320,12081,8308,8869,2944,0.0,0.0
W0MXX,285,4253378,-7213344,19,11,03,23944,11.0,42,10,5.5,33.0,1.4,3.0,9,24,29,27,12614,13345,14579,9335,12107,8346,8899,2946,0.0,0.0
W0MXX,286,4253313,-7213638,19,11,23,24045,11.1,55,10,5.5,32.4,1.4,3.0,8,25,28,28,12596,13320,14544,9319,12138,8374,8938,2957,0.0,0.0
W0MXX,287,4253279,-7213949,19,11,43,24157,12.4,55,10,5.4,31.9,1.4,3.0,7,26,26,28,12560,13310,14523,9303,12116,8359,8928,2953,0.0,0.0
W0MXX,288,4253245,-7214283,19,12,03,24266,12.0,44,10,5.4,31.4,1.4,3.0,7,23,27,27,12536,13278,14489,9272,12136,8377,8944,2952,0.0,0.0
W0MXX,289,4253233,-7214635,19,12,23,24385,13.2,61,10,5.3,30.9,1.4,3.0,9,25,28,25,12483,13222,14430,9238,12062,8317,8902,2941,0.0,0.0
W0MXX,290,4253286,-7215000,19,12,43,24498,12.5,60,10,5.3,30.3,1.4,3.0,9,24,27,28,12495,13242,14451,9243,12112,8376,8940,2954,0.0,0.0
W0MXX,291,4253373,-7215371,19,13,03,24609,12.1,60,10,5.3,29.9,1.4,3.0,8,24,26,27,12438,13183,14389,9206,12035,8300,8885,2931,0.0,0.0
W0MXX,292,4253496,-7215681,19,13,23,24713,11.5,51,10,5.2,29.4,1.4,3.0,7,25,28,25,12445,13191,14401,9213,12063,8340,8917,2940,0.0,0.0
W0MXX,293,4253588,-7215966,19,13,43,24817,11.5,38,10,5.2,29.0,1.4,3.0,8,25,26,27,12410,13161,14365,9180,12084,8353,8939,2947,0.0,0.0
W0MXX,294,4253672,-7216254,19,14,03,24924,11.8,36,10,5.2,28.6,1.4,3.0,8,24,27,28,12390,13140,14341,9166,12087,8360,8950,2948,0.0,0.0
W0MXX,295,4253726,-7216468,19,14,23,25013,9.8,23,10,5.1,28.1,1.4,3.0,7,23,27,27,12372,13113,14309,9155,12048,8340,8924,2939,0.0,0.0
W0MXX,296,4253764,-7216675,19,14,43,25118,11.5,30,10,5.1,27.7,1.4,3.0,8,23,28,26,12316,13076,14263,9113,12009,8305,8902,2930,0.0,0.0
W0MXX,297,4253737,-7216970,19,15,03,25210,10.1,47,10,5.1,27.4,1.4,3.0,7,23,26,27,12286,13048,14230,9092,12016,8317,8918,2932,0.0,0.0
W0MXX,298,4253715,-7217304,19,15,23,25309,11.0,63,10,5.0,27.0,1.4,3.0,10,24,28,28,12263,13021,14204,9075,11985,8298,8905,2929,0.0,0.0
W0MXX,299,4253705,-7217632,19,15,43,25396,9.6,53,10,5.0,26.6,1.4,3.0,9,24,28,27,12239,13009,14181,9060,11956,8292,8889,2925,0.0,0.0
W0MXX,300,4253751,-7217977,19,16,03,25483,9.6,49,10,5.0,26.2,1.5,3.0,8,24,28,26,12217,12990,14163,9044,11952,8280,8888,2918,0.0,0.0
W0MXX,301,4253952,-7218567,19,16,38,25652,12.6,43,10,4.9,25.9,1.5,2.9,53,42,52,71,12354,13120,14239,9076,12030,8355,8958,2944,0.0,0.0
W0MXX,302,4254007,-7218690,19,16,47,25698,5.0,45,10,4.9,25.5,1.5,3.0,10,25,28,27,12278,13062,14249,9088,12184,8472,9089,2978,0.0,0.0
W0MXX,303,4254098,-7218929,19,17,07,25787,9.8,36,10,4.9,25.1,1.4,3.0,10,25,26,29,12240,13012,14193,9058,12131,8422,9061,2969,0.0,0.0
W0MXX,304,4254111,-7219194,19,17,27,25883,10.6,43,11,4.9,24.7,1.5,3.0,7,25,29,27,12213,12994,14164,9038,12087,8389,9029,2953,0.0,0.0
W0MXX,305,4254118,-7219503,19,17,47,26008,13.8,31,11,4.8,24.3,1.5,3.0,8,22,26,27,12184,12955,14127,9014,12031,8350,8981,2941,0.0,0.0
W0MXX,306,4254181,-7219787,19,18,07,26122,12.6,41,11,4.8,23.9,1.5,3.0,9,23,27,27,12152,12918,14088,8996,11985,8324,8955,2933,0.0,0.0
W0MXX,307,4254205,-7220106,19,18,27,26231,12.0,47,11,4.8,23.6,1.5,2.9,8,24,29,29,12120,12881,14049,8972,11972,8319,8956,2929,0.0,0.0
W0MXX,308,4254221,-7220400,19,18,47,26333,11.2,34,11,4.8,23.2,1.5,3.0,9,22,27,27,12095,12860,14022,8955,11951,8305,8931,2923,0.0,0.0
W0MXX,309,4254238,-7220651,19,19,07,26440,11.8,55,11,4.7,22.9,1.5,3.0,7,25,27,28,12116,12881,14054,8974,12001,8354,8981,2939,0.0,0.0
W0MXX,310,4254279,-7221033,19,19,27,26556,12.8,64,11,4.7,23.4,1.5,3.0,7,21,26,27,12009,12765,13922,8906,11792,8196,8816,2882,0.0,0.0
W0MXX,311,4254333,-7221240,19,19,47,26326,-25.5,40,11,4.7,25.9,1.5,3.0,6,23,28,28,11883,12626,13768,8808,11457,7952,8540,2807,0.0,0.0
W0MXX,312,4254387,-7221610,19,20,07,25354,-107.2,47,11,4.6,28.6,1.5,2.9,8,24,28,27,11781,12501,13642,8722,11302,7840,8412,2769,0.0,0.0
W0MXX,313,4254412,-7221914,19,20,27,24686,-73.6,43,11,4.6,31.5,1.5,3.0,10,25,27,30,11690,12403,13534,8657,11170,7760,8310,2740,0.0,0.0
W0MXX,314,4254472,-7222234,19,20,47,24029,-72.5,49,11,4.6,34.5,1.5,2.9,7,24,26,25,11539,12243,13370,8540,10979,7612,8164,2694,0.0,0.0
W0MXX,315,4254419,-7222403,19,21,07,23424,-66.8,13,11,4.5,37.7,1.5,3.0,9,24,26,27,11407,12103,13220,8437,10787,7465,7993,2642,0.0,0.0
W0MXX,316,4254406,-7222549,19,21,27,22856,-62.7,29,11,4.5,41.0,1.4,3.0,7,23,27,27,11245,11927,13026,8318,10585,7318,7838,2599,0.0,0.0
W0MXX,317,4254416,-7222687,19,21,47,22303,-61.0,18,11,4.5,44.4,1.4,3.0,8,25,25,28,11139,11804,12903,8243,10463,7243,7747,2575,0.0,0.0
W0MXX,318,4254447,-7222817,19,22,07,21776,-58.1,27,11,4.4,48.2,1.4,3.0,7,24,25,25,10970,11625,12698,8113,10264,7092,7574,2524,0.0,0.0
W0MXX,319,4254426,-7222944,19,22,27,21256,-57.3,12,11,4.4,51.9,1.4,2.9,8,23,26,26,10908,11560,12623,8063,10233,7057,7556,2512,0.0,0.0
W0MXX,320,4254393,-7222981,19,22,47,20779,-52.6,9,11,4.3,55.8,1.4,2.9,8,22,26,25,10882,11543,12597,8040,10232,7080,7547,2513,0.0,0.0
W0MXX,321,4254443,-7223019,19,23,07,20314,-51.3,18,11,4.3,59.8,1.3,3.0,7,22,28,25,10722,11363,12408,7923,10043,6931,7402,2465,0.0,0.0
W0MXX,322,4254428,-7223053,19,23,27,19854,-50.7,14,11,4.2,64.1,1.3,3.0,8,22,25,26,10580,11199,12235,7818,9866,6810,7255,2431,0.0,0.0
W0MXX,323,4254459,-7223003,19,23,47,19396,-50.5,16,11,4.1,68.6,1.3,2.9,7,22,24,27,10447,11056,12079,7717,9712,6689,7146,2391,0.0,0.0
W0MXX,324,4254468,-7222928,19,24,07,18979,-46.0,26,11,4.0,73.2,1.3,2.9,8,23,25,26,10386,10996,12011,7680,9695,6688,7124,2391,0.0,0.0
W0MXX,325,4254460,-7222785,19,24,27,18559,-46.2,24,11,3.9,77.9,1.3,3.0,7,21,24,26,10265,10858,11863,7579,9565,6581,7024,2356,0.0,0.0
W0MXX,326,4254537,-7222656,19,24,47,18166,-43.4,30,11,3.8,82.8,1.3,2.9,8,22,26,24,10175,10755,11751,7507,9438,6491,6925,2328,0.0,0.0
W0MXX,327,4254592,-7222398,19,25,07,17778,-42.8,37,14,3.6,87.9,1.3,2.9,6,22,25,26,10133,10717,11708,7480,9456,6508,6940,2330,0.0,0.0
W0MXX,328,4254700,-7222183,19,25,27,17411,-40.5,52,10,3.5,93.1,1.2,3.0,6,21,25,25,10002,10564,11548,7379,9377,6455,6877,2315,0.0,0.0
W0MXX,329,4254824,-7221903,19,25,47,17029,-42.1,47,11,3.4,98.6,1.3,2.9,6,22,26,25,9948,10515,11499,7352,9387,6469,6885,2316,0.0,0.0
W0MXX,330,4254968,-7221604,19,26,07,16665,-40.2,53,11,3.2,104.2,1.3,2.9,6,22,26,26,9922,10483,11456,7319,9351,6446,6857,2305,0.0,0.0
W0MXX,331,4255095,-7221378,19,26,27,16333,-36.6,40,14,3.0,109.9,1.3,2.9,6,20,24,23,9878,10428,11399,7290,9336,6436,6842,2307,0.0,0.0
W0MXX,332,4255162,-7221085,19,26,47,15980,-39.0,46,14,2.9,115.6,1.3,2.9,5,22,27,23,9804,10345,11311,7232,9273,6385,6795,2287,0.0,0.0
W0MXX,333,4255198,-7220869,19,27,07,15647,-36.7,28,14,2.7,121.5,1.2,3.0,6,21,26,25,9749,10289,11244,7186,9223,6339,6741,2271,0.0,0.0
W0MXX,334,4255246,-7220441,19,27,27,15330,-35.0,54,14,2.5,127.5,1.3,3.0,6,21,24,26,9669,10210,11149,7133,9162,6310,6710,2264,0.0,0.0
W0MXX,335,4255280,-7219897,19,27,47,15010,-35.3,97,14,2.3,133.6,1.3,2.9,3,22,27,26,9670,10199,11131,7119,9177,6308,6715,2263,0.0,0.0
W0MXX,336,4255416,-7219347,19,28,06,14725,-31.5,98,14,2.1,139.8,1.2,2.9,5,22,24,25,9624,10155,11092,7097,9114,6268,6672,2253,0.0,0.0
W0MXX,337,4255619,-7218835,19,28,25,14453,-30.0,91,14,1.9,146.0,1.2,3.0,6,23,25,25,9499,10018,10949,7013,9059,6239,6622,2237,0.0,0.0
W0MXX,338,4255808,-7218276,19,28,44,14168,-31.4,86,14,1.7,152.6,1.2,2.9,6,22,26,23,9465,9981,10901,6986,9018,6210,6593,2228,0.0,0.0
W0MXX,339,4256006,-7217580,19,29,04,13892,-30.5,125,14,1.5,158.8,1.3,2.9,6,22,25,25,9424,9935,10852,6948,9010,6196,6584,2226,0.0,0.0
W0MXX,340,4256223,-7216955,19,29,23,13642,-27.6,127,14,1.3,165.4,1.3,3.0,6,21,25,24,9452,9963,10883,6967,9046,6235,6613,2233,0.0,0.0
W0MXX,341,4256487,-7216275,19,29,42,13377,-29.2,128,14,1.1,172.1,1.3,2.9,5,20,23,22,9460,9979,10892,6971,9112,6271,6676,2248,0.0,0.0
W0MXX,342,4256760,-7215628,19,30,01,13062,-34.7,110,11,0.9,179.4,1.3,2.9,4,20,26,23,9484,10008,10917,6993,9136,6297,6687,2259,0.0,0.0
W0MXX,343,4257094,-7214877,19,30,21,12800,-29.0,132,11,0.6,186.6,1.3,2.9,4,21,23,23,9468,9983,10899,6980,9159,6317,6701,2265,0.0,0.0
W0MXX,344,4257445,-7214225,19,30,40,12553,-27.2,126,11,0.4,194.3,1.3,2.9,3,20,24,20,9446,9952,10859,6953,9163,6306,6687,2255,0.0,0.0
W0MXX,345,4257846,-7213523,19,31,00,12293,-28.7,116,11,0.1,201.8,1.3,2.9,6,20,23,23,9432,9947,10849,6952,9151,6299,6705,2262,0.0,0.0
W0MXX,346,4258216,-7212818,19,31,20,12033,-28.7,129,11,0.0,209.4,1.3,2.9,4,20,23,22,9457,9979,10882,6973,9188,6327,6738,2270,0.0,0.0
W0MXX,347,4258593,-7212109,19,31,39,11791,-26.7,127,11,-0.2,216.6,1.3,2.9,4,20,24,21,9438,9960,10862,6955,9161,6308,6717,2264,0.0,0.0
W0MXX,348,4258870,-7211368,19,31,58,11569,-24.5,116,11,-0.5,224.2,1.4,3.0,5,20,21,23,9459,9983,10886,6976,9239,6378,6777,2280,0.0,0.0
W0MXX,349,4259165,-7210600,19,32,17,11330,-26.3,140,11,-0.7,232.2,1.4,3.0,4,19,23,21,9494,10016,10922,6997,9269,6403,6797,2293,0.0,0.0
W0MXX,350,4259492,-7209765,19,32,37,11103,-25.0,157,11,-0.9,239.9,1.4,2.9,3,20,22,21,9475,9999,10894,6979,9258,6393,6782,2285,0.0,0.0
W0MXX,351,4259863,-7208975,19,32,56,10882,-24.4,136,11,-1.1,247.9,1.4,3.0,2,19,22,24,9398,9915,10805,6923,9174,6326,6731,2267,0.0,0.0
W0MXX,352,4260151,-7208166,19,33,15,10661,-24.4,153,11,-1.3,256.2,1.4,2.9,4,18,24,21,9424,9952,10838,6943,9194,6335,6749,2271,0.0,0.0
W0MXX,353,4260436,-7207342,19,33,34,10460,-22.2,158,10,-1.5,264.8,1.4,2.9,1,18,21,23,9444,9974,10859,6960,9205,6345,6756,2280,0.0,0.0
W0MXX,354,4260815,-7206453,19,33,54,10244,-23.9,144,11,-1.8,273.4,1.4,2.9,3,18,22,23,9504,10043,10936,7015,9318,6444,6843,2303,0.0,0.0
W0MXX,355,4261141,-7205653,19,34,13,10020,-24.6,146,11,-2.0,282.2,1.4,2.9,2,17,23,21,9533,10076,10967,7028,9352,6462,6875,2308,0.0,0.0
W0MXX,356,4261463,-7204896,19,34,32,9810,-23.2,143,11,-2.2,291.0,1.5,2.9,4,18,22,21,9654,10213,11121,7119,9533,6599,7022,2354,0.0,0.0
W0MXX,357,4261749,-7204177,19,34,51,9590,-24.2,129,11,-2.4,300.6,1.5,2.9,4,19,20,22,9646,10203,11101,7109,9541,6596,7029,2356,0.0,0.0
W0MXX,358,4262016,-7203422,19,35,11,9368,-24.5,131,11,-2.5,309.7,1.5,2.9,3,17,21,23,9704,10269,11174,7157,9593,6632,7075,2367,0.0,0.0
W0MXX,359,4262236,-7202732,19,35,30,9170,-21.9,124,11,-2.7,319.1,1.5,2.9,3,17,23,23,9803,10383,11291,7229,9708,6721,7168,2397,0.0,0.0
W0MXX,360,4262444,-7202061,19,35,49,8963,-22.8,107,11,-2.9,328.7,1.6,2.9,2,20,22,21,9910,10499,11421,7314,9920,6887,7328,2447,0.0,0.0
W0MXX,361,4262760,-7200792,19,36,22,8617,-25.8,125,11,-3.0,340.3,1.6,2.9,22,59,6,66,10060,10682,11604,7426,10064,6992,7446,2478,0.0,0.0
W0MXX,362,4262850,-7200481,19,36,31,8532,-9.4,110,11,-3.2,350.5,1.6,2.9,2,20,21,21,10061,10671,11600,7426,10048,6973,7448,2476,0.0,0.0
W0MXX,363,4263032,-7199778,19,36,51,8293,-26.4,113,11,-3.3,360.8,1.6,2.9,2,18,22,21,10096,10715,11646,7452,10071,6986,7463,2480,0.0,0.0
W0MXX,364,4263185,-7199126,19,37,10,8096,-21.6,110,11,-3.5,371.7,1.6,2.9,4,20,21,21,10209,10848,11784,7537,10177,7063,7553,2510,0.0,0.0
W0MXX,365,4263398,-7198510,19,37,30,7897,-22.0,97,11,-3.6,381.5,1.7,2.9,2,17,22,21,10318,10970,11912,7619,10322,7173,7669,2542,0.0,0.0
W0MXX,366,4263533,-7197880,19,37,49,7697,-22.0,112,11,-3.7,391.9,1.7,2.9,2,18,22,22,10446,11119,12065,7711,10457,7278,7789,2578,0.0,0.0
W0MXX,367,4263684,-7197261,19,38,08,7498,-22.0,96,11,-3.8,402.3,1.7,2.9,1,19,22,22,10557,11250,12203,7799,10571,7360,7885,2604,0.0,0.0
W0MXX,368,4263836,-7196640,19,38,27,7315,-20.2,93,11,-3.9,413.2,1.7,2.9,1,18,23,21,10696,11405,12373,7906,10714,7472,8008,2642,0.0,0.0
W0MXX,369,4263983,-7196015,19,38,47,7127,-20.7,109,11,-4.0,423.5,1.8,2.9,2,18,21,24,10796,11524,12496,7979,10795,7537,8086,2664,0.0,0.0
W0MXX,370,4264156,-7195439,19,39,06,6956,-18.9,98,11,-4.1,433.8,1.8,2.9,2,17,21,21,10943,11687,12671,8087,10996,7684,8237,2711,0.0,0.0
W0MXX,371,4264323,-7194870,19,39,25,6767,-20.8,80,11,-4.1,444.1,1.8,2.9,1,18,22,22,11068,11834,12822,8181,11060,7733,8313,2728,0.0,0.0
W0MXX,372,4264472,-7194313,19,39,44,6588,-19.8,92,11,-4.1,455.2,1.9,2.9,2,18,23,22,11238,12022,13030,8320,11243,7872,8459,2773,0.0,0.0
W0MXX,373,4264629,-7193761,19,40,04,6428,-17.6,68,11,-4.1,465.0,1.9,2.9,2,20,21,21,11348,12159,13164,8381,11363,7962,8578,2801,0.0,0.0
W0MXX,374,4264769,-7193288,19,40,23,6267,-17.7,65,11,-4.1,474.4,2.0,2.9,4,20,21,23,11442,12265,13276,8437,11420,8017,8635,2819,0.0,0.0
W0MXX,375,4264853,-7192872,19,40,42,6107,-17.7,68,11,-4.1,485.0,2.0,2.9,5,21,23,22,11585,12433,13450,8512,11468,8047,8675,2824,0.0,0.0
W0MXX,376,4264911,-7192441,19,41,01,5922,-20.4,71,9,-4.1,495.8,2.1,2.9,3,20,23,21,11733,12598,13627,8636,11604,8156,8800,2864,0.0,0.0
W0MXX,377,4265037,-7191990,19,41,21,5780,-15.7,56,11,-4.1,505.4,2.1,2.9,3,18,23,22,11845,12735,13766,8754,11647,8193,8844,2877,0.0,0.0
W0MXX,378,4265112,-7191517,19,41,40,5629,-16.7,72,11,-4.0,515.2,2.2,2.9,3,20,22,22,12027,12939,13987,8894,11793,8302,8972,2914,0.0,0.0
W0MXX,379,4265185,-7191070,19,41,59,5483,-16.0,63,11,-4.0,525.6,2.2,2.9,3,19,23,20,12158,13086,14140,8996,11861,8360,9047,2933,0.0,0.0
W0MXX,380,4265256,-7190564,19,42,19,5323,-17.7,92,11,-3.9,535.6,2.3,2.9,2,19,22,22,12281,13230,14291,9097,11932,8415,9111,2950,0.0,0.0
W0MXX,381,4265315,-7190152,19,42,38,5172,-16.6,52,11,-3.8,545.5,2.3,2.9,2,19,24,23,12397,13368,14431,9200,12016,8478,9192,2971,0.0,0.0
W0MXX,382,4265384,-7189724,19,42,57,5054,-13.0,72,11,-3.7,555.6,2.4,2.9,4,20,24,23,12473,13456,14527,9269,12082,8534,9269,2991,0.0,0.0
W0MXX,383,4265448,-7189324,19,43,16,4906,-16.4,57,11,-3.7,566.7,2.4,2.9,2,20,24,24,12621,13627,14718,9398,12216,8648,9376,3025,0.0,0.0
W0MXX,384,4265514,-7188878,19,43,36,4748,-17.4,63,11,-3.5,577.9,2.4,2.9,3,19,23,22,12802,13829,14925,9524,12261,8676,9438,3041,0.0,0.0
W0MXX,385,4265570,-7188472,19,43,55,4604,-15.9,54,11,-3.4,590.3,2.5,2.9,4,20,24,23,12996,14055,15171,9675,12357,8753,9537,3066,0.0,0.0
W0MXX,386,4265646,-7188084,19,44,14,4431,-19.1,46,11,-3.3,602.2,2.6,2.9,2,21,23,23,13194,14281,15401,9822,12499,8861,9643,3095,0.0,0.0
W0MXX,387,4265691,-7187700,19,44,33,4265,-18.2,53,11,-3.2,615.2,2.7,2.9,5,19,24,23,13341,14451,15587,9939,12552,8909,9735,3115,0.0,0.0
W0MXX,388,4265732,-7187330,19,44,53,4077,-20.8,46,11,-3.1,627.8,2.8,2.9,2,19,23,21,13482,14610,15755,10044,12640,8973,9790,3128,0.0,0.0
W0MXX,389,4265729,-7187031,19,45,12,3931,-16.1,39,11,-2.9,640.4,2.9,2.9,4,20,24,24,13644,14800,15953,10170,12710,9043,9888,3159,0.0,0.0
W0MXX,390,4265782,-7186687,19,45,31,3773,-17.4,64,11,-2.8,653.0,2.9,2.9,3,18,22,23,13787,14969,16127,10278,12770,9100,9966,3181,0.0,0.0
W0MXX,391,4265788,-7186370,19,45,50,3624,-16.4,47,10,-2.6,665.5,3.0,2.9,3,19,23,23,13919,15130,16294,10378,12841,9155,10044,3196,0.0,0.0
W0MXX,392,4265848,-7186058,19,46,10,3483,-15.6,49,11,-2.5,676.2,3.1,2.9,4,20,22,21,14049,15276,16449,10482,12950,9247,10146,3229,0.0,0.0
W0MXX,393,4265844,-7185747,19,46,29,3376,-11.8,41,11,-2.3,686.4,3.1,2.9,4,21,24,23,14124,15370,16538,10533,13001,9283,10203,3247,0.0,0.0
W0MXX,394,4265836,-7185411,19,46,48,3256,-13.3,59,11,-2.1,697.8,3.1,2.9,4,20,24,24,14263,15530,16712,10661,13091,9369,10309,3277,0.0,0.0
W0MXX,395,4265793,-7185074,19,47,08,3119,-15.1,30,11,-2.0,709.5,3.2,2.9,3,21,22,23,14434,15743,16926,10780,13113,9382,10344,3276,0.0,0.0
W0MXX,396,4265745,-7184786,19,47,27,2974,-16.0,58,11,-1.8,720.9,3.2,2.9,4,19,24,24,14544,15878,17055,10859,13144,9411,10394,3291,0.0,0.0
W0MXX,397,4265691,-7184513,19,47,46,2843,-14.4,44,11,-1.7,733.3,3.3,2.9,2,19,25,22,14715,16088,17267,10992,13163,9428,10416,3296,0.0,0.0
W0MXX,398,4265609,-7184285,19,48,05,2699,-15.9,35,11,-1.5,746.9,3.4,2.9,3,19,23,25,14877,16287,17459,11110,13212,9478,10472,3310,0.0,0.0
W0MXX,399,4265524,-7184054,19,48,25,2556,-15.8,29,11,-1.3,760.5,3.4,2.9,4,20,24,23,14951,16380,17552,11171,13190,9470,10496,3320,0.0,0.0
W0MXX,400,4265422,-7183829,19,48,44,2400,-17.2,44,11,-1.1,774.2,3.4,2.9,5,20,22,23,15103,16552,17738,11287,13245,9520,10539,3326,0.0,0.0
W0MXX,401,4265294,-7183680,19,49,03,2257,-15.8,45,11,-0.8,788.0,3.5,2.9,4,20,23,24,15212,16700,17876,11363,13243,9523,10554,3332,0.0,0.0
W0MXX,402,4265174,-7183508,19,49,22,2118,-15.3,37,11,-0.7,803.3,3.7,2.9,3,21,24,22,15391,16886,18070,11511,13293,9569,10609,3344,0.0,0.0
W0MXX,403,4265077,-7183377,19,49,42,1961,-17.4,34,11,-0.5,818.8,3.8,2.9,5,20,23,22,15525,17061,18237,11606,13372,9632,10684,3363,0.0,0.0
W0MXX,404,4264991,-7183283,19,50,01,1796,-18.2,28,11,-0.3,834.2,4.0,2.9,5,20,23,24,15676,17241,18422,11727,13434,9684,10757,3385,0.0,0.0
W0MXX,405,4264954,-7183188,19,50,20,1648,-16.4,33,11,-0.1,849.0,4.3,2.9,4,20,24,24,15914,17507,18701,11863,13540,9772,10870,3413,0.0,0.0
W0MXX,406,4264919,-7183056,19,50,40,1507,-15.6,38,11,0.0,862.6,4.5,2.9,5,20,24,23,16128,17770,18965,11986,13631,9855,10980,3445,0.0,0.0
W0MXX,407,4264867,-7182893,19,50,59,1377,-14.3,35,11,0.2,876.4,4.6,2.9,4,21,25,24,16313,18005,19180,12113,13714,9916,11069,3467,0.0,0.0
W0MXX,408,4264818,-7182740,19,51,18,1250,-14.0,20,11,0.5,889.3,4.5,2.9,5,21,25,25,16466,18216,19353,12229,13806,9992,11173,3498,0.0,0.0
W0MXX,409,4264798,-7182565,19,51,37,1118,-14.6,36,11,0.7,903.0,4.8,2.9,5,21,25,23,16726,18562,19654,12414,13896,10075,11285,3522,0.0,0.0
W0MXX,410,4264751,-7182419,19,51,57,996,-13.4,10,11,0.9,914.8,4.8,2.9,4,22,25,24,16908,18825,19847,12542,13975,10135,11386,3549,0.0,0.0
W0MXX,411,4264711,-7182260,19,52,16,893,-11.3,21,11,1.1,927.5,4.9,2.9,5,22,25,24,17169,19168,20151,12737,14101,10241,11512,3579,0.0,0.0
W0MXX,412,4264676,-7182140,19,52,35,779,-12.6,16,11,1.3,940.7,4.9,2.9,5,22,24,24,17439,19594,20433,12925,14170,10299,11610,3607,0.0,0.0
W0MXX,413,4264616,-7182014,19,52,54,656,-13.5,26,11,1.5,955.9,5.2,2.9,5,20,26,27,17830,20079,20863,13213,14325,10433,11787,3650,0.0,0.0
W0MXX,414,4264581,-7181865,19,53,14,524,-14.6,23,11,1.8,970.0,5.2,2.9,5,20,26,27,18351,20691,21389,13583,14503,10570,11983,3700,0.0,0.0
W0MXX,415,4264588,-7181715,19,53,34,389,-14.9,36,11,1.9,983.9,5.2,2.9,7,20,25,25,18820,21324,21925,14089,14674,10710,12165,3746,0.0,0.0
W0MXX,416,4264598,-7181653,19,53,53,292,-10.7,3,11,2.1,983.9,5.2,2.9,5,22,25,26,18553,21095,21693,13905,14624,10678,12152,3735,0.0,0.0
W0MXX,417,4264599,-7181648,19,54,13,296,0.5,0,11,2.3,983.9,5.2,2.9,6,22,25,25,18403,21013,21591,13796,14555,10629,12120,3719,0.0,0.0
W0MXX,418,4264595,-7181649,19,54,33,301,0.6,1,11,2.6,983.9,5.2,2.9,5,22,27,27,18304,20994,21559,13739,14541,10623,12132,3714,0.0,0.0
W0MXX,419,4264592,-7181647,19,54,53,304,0.3,0,11,2.8,983.9,5.2,2.9,5,23,26,26,18242,21017,21561,13709,14544,10634,12167,3707,0.0,0.0
W0MXX,420,4264591,-7181647,19,55,12,301,-0.3,0,11,3.0,983.9,5.2,2.9,6,22,26,28,18195,21058,21594,13700,14547,10644,12205,3708,0.0,0.0
W0MXX,421,4264589,-7181646,19,55,46,308,0.6,0,13,3.2,984.0,5.2,2.9,54,36,27,48,18291,21302,21833,13972,15672,10728,12551,3927,0.0,0.0
W0MXX,422,4264592,-7181644,19,55,55,309,0.0,3,13,3.4,984.1,5.2,2.9,6,25,26,26,18142,21230,21745,13710,14629,10718,12340,3728,0.0,0.0
W0MXX,423,4264592,-7181646,19,56,15,310,0.1,0,13,3.6,984.0,5.3,2.9,6,22,26,27,18108,21305,21807,13705,14644,10732,12382,3730,0.0,0.0
W0MXX,424,4264590,-7181646,19,56,35,310,-0.0,1,13,3.8,984.0,5.3,2.9,9,23,25,26,18030,21340,21831,13672,14644,10737,12401,3728,0.0,0.0
W0MXX,425,4264589,-7181646,19,56,55,308,-0.2,1,13,4.0,984.0,5.3,2.9,9,25,27,28,18004,21433,21908,13670,14668,10777,12465,3731,0.0,0.0
W0MXX,426,4264589,-7181643,19,57,15,308,0.0,0,13,4.2,984.0,5.3,2.9,9,25,25,28,17965,21528,21979,13661,14704,10802,12510,3742,0.0,0.0
W0MXX,427,4264592,-7181644,19,57,35,308,0.0,0,14,4.4,984.0,5.3,2.9,8,24,28,27,17907,21598,22022,13635,14713,10813,12539,3740,0.0,0.0
W0MXX,428,4264590,-7181646,19,57,55,306,-0.2,1,14,4.6,984.0,5.3,2.9,9,24,26,29,17874,21685,22077,13618,14724,10827,12584,3745,0.0,0.0
W0MXX,429,4264587,-7181646,19,58,15,306,0.1,0,14,4.8,984.0,5.3,2.9,7,25,29,27,17832,21772,22129,13592,14737,10850,12631,3739,0.0,0.0
W0MXX,430,4264588,-7181643,19,58,35,305,-0.2,1,14,5.0,984.0,5.4,2.9,9,25,28,29,17854,21927,22246,13631,14806,10902,12701,3752,0.0,0.0
W0MXX,431,4264587,-7181642,19,58,55,310,0.6,1,14,5.2,984.0,5.4,2.9,11,24,27,28,17888,22089,22379,13662,14894,10972,12807,3770,0.0,0.0
W0MXX,432,4264586,-7181642,19,59,15,315,0.6,1,14,5.4,984.0,5.4,2.9,8,25,28,29,17939,22260,22519,13710,14970,11033,12894,3791,0.0,0.0
W0MXX,433,4264586,-7181641,19,59,35,317,0.2,0,15,5.6,984.0,5.4,2.9,11,26,30,27,17910,22341,22565,13686,15000,11062,12937,3795,0.0,0.0
W0MXX,434,4264588,-7181645,19,59,55,318,0.2,2,15,5.8,984.0,5.4,2.9,10,26,28,29,17935,22485,22673,13717,15034,11092,12988,3798,0.0,0.0
W0MXX,435,4264589,-7181646,20,00,15,319,0.1,0,15,5.9,984.0,5.5,2.9,10,27,27,29,17968,22621,22782,13739,15114,11152,13073,3811,0.0,0.0
W0MXX,436,4264590,-7181648,20,00,35,321,0.1,0,15,6.1,984.0,5.5,2.9,11,26,29,30,17899,22622,22770,13680,15116,11163,13109,3813,0.0,0.0
W0MXX,437,4264592,-7181649,20,00,55,322,0.2,0,15,6.3,984.0,5.5,2.9,12,26,30,31,17865,22653,22787,13647,15152,11182,13153,3807,0.0,0.0
W0MXX,438,4264593,-7181648,20,01,15,323,0.1,0,15,6.5,984.0,5.5,2.9,11,28,30,29,17846,22697,22808,13634,15168,11200,13197,3814,0.0,0.0
W0MXX,439,4264593,-7181647,20,01,34,323,-0.1,0,15,6.7,984.0,5.5,2.9,12,27,30,30,17938,22868,22962,13702,15258,11272,13293,3835,0.0,0.0
W0MXX,440,4264593,-7181649,20,01,54,321,-0.1,0,15,6.8,984.0,5.5,2.9,12,28,32,30,18065,23084,23149,13797,15387,11370,13407,3861,0.0,0.0
W0MXX,441,4264593,-7181649,20,02,13,319,-0.2,0,15,7.0,984.0,5.5,2.9,12,28,32,29,18160,23251,23292,13872,15455,11420,13489,3875,0.0,0.0
W0MXX,442,4264592,-7181646,20,02,33,316,-0.3,0,15,7.2,984.0,5.5,2.9,13,28,31,33,18268,23426,23447,13957,15508,11463,13562,3889,0.0,0.0
W0MXX,443,4264593,-7181641,20,02,53,316,-0.0,0,15,7.3,984.0,5.5,2.9,13,27,32,30,18372,23622,23607,14046,15577,11515,13653,3901,0.0,0.0
W0MXX,444,4264592,-7181643,20,03,13,313,-0.3,0,15,7.5,984.0,5.4,2.9,12,28,32,32,18464,23777,23739,14110,15628,11560,13716,3907,0.0,0.0
W0MXX,445,4264592,-7181645,20,03,33,316,0.3,0,14,7.7,984.1,5.5,2.9,14,28,33,32,18592,23964,23909,14210,15695,11616,13798,3925,0.0,0.0
W0MXX,446,4264592,-7181646,20,03,53,317,0.1,0,15,7.8,984.1,5.5,2.9,13,28,32,32,18678,24125,24049,14287,15754,11654,13869,3936,0.0,0.0
W0MXX,447,4264591,-7181648,20,04,13,316,-0.1,0,15,8.0,984.1,5.4,2.9,13,29,34,32,18779,24283,24182,14359,15820,11710,13933,3953,0.0,0.0
W0MXX,448,4264590,-7181649,20,04,33,317,0.2,0,16,8.1,984.1,5.5,2.9,15,29,32,31,18881,24441,24329,14450,15883,11761,14018,3958,0.0,0.0
W0MXX,449,4264591,-7181647,20,04,53,317,-0.0,0,16,8.3,984.1,5.5,2.9,16,30,35,34,18994,24597,24475,14536,15945,11807,14091,3978,0.0,0.0
W0MXX,450,4264593,-7181646,20,05,13,317,-0.0,1,16,8.4,984.0,5.5,2.9,15,30,34,35,19131,24772,24647,14652,16018,11859,14175,3989,0.0,0.0
W0MXX,451,4264592,-7181642,20,05,32,317,-0.0,0,16,8.6,984.1,5.5,2.9,14,30,33,34,19231,24916,24781,14730,16075,11903,14236,4001,0.0,0.0
W0MXX,452,4264590,-7181642,20,05,52,313,-0.4,0,16,8.7,984.0,5.5,2.9,16,31,36,35,19334,25062,24910,14814,16142,11957,14326,4010,0.0,0.0
W0MXX,453,4264589,-7181645,20,06,12,313,0.1,0,16,8.9,984.0,5.5,2.9,16,32,34,33,19427,25190,25039,14884,16198,12005,14397,4020,0.0,0.0
W0MXX,454,4264590,-7181645,20,06,32,314,0.0,0,16,9.0,984.1,5.5,2.9,16,31,34,33,19546,25362,25198,14984,16279,12065,14483,4038,0.0,0.0
W0MXX,455,4264589,-7181645,20,06,52,315,0.2,0,16,9.2,984.1,5.5,2.9,17,32,34,34,19677,25532,25363,15086,16360,12137,14580,4055,0.0,0.0
W0MXX,456,4264588,-7181645,20,07,12,316,0.1,0,16,9.3,984.1,5.5,2.9,16,31,35,35,19809,25698,25527,15188,16448,12199,14675,4078,0.0,0.0
W0MXX,457,4264588,-7181646,20,07,32,317,0.1,0,16,9.4,984.0,5.5,2.9,13,32,35,36,19912,25846,25664,15267,16519,12251,14756,4088,0.0,0.0
W0MXX,458,4264590,-7181647,20,07,52,317,-0.0,0,15,9.6,984.0,5.5,2.9,17,33,36,35,19981,25935,25753,15316,16563,12286,14819,4095,0.0,0.0
W0MXX,459,4264593,-7181647,20,08,12,317,0.0,0,15,9.7,984.1,5.5,2.9,15,33,36,35,20124,26115,25923,15424,16652,12360,14918,4120,0.0,0.0
W0MXX,460,4264594,-7181649,20,08,32,320,0.2,1,16,9.8,984.0,5.5,2.9,18,33,34,35,20256,26285,26092,15522,16745,12432,15010,4138,0.0,0.0
W0MXX,461,4264592,-7181647,20,08,52,321,0.2,0,16,10.0,984.1,5.5,2.9,18,31,35,35,20362,26412,26223,15605,16833,12495,15100,4155,0.0,0.0
W0MXX,462,4264594,-7181646,20,09,12,320,-0.1,0,16,10.1,984.0,5.6,2.9,18,32,35,34,20452,26520,26346,15664,16911,12563,15185,4170,0.0,0.0
W0MXX,463,4264593,-7181644,20,09,32,318,-0.2,1,16,10.3,984.1,5.6,2.9,17,33,35,34,20560,26648,26475,15751,16980,12617,15263,4189,0.0,0.0
W0MXX,464,4264593,-7181642,20,09,52,319,0.0,0,16,10.4,984.0,5.5,2.9,17,33,36,35,20631,26735,26573,15802,17042,12668,15346,4199,0.0,0.0
W0MXX,465,4264593,-7181642,20,10,12,320,0.1,0,15,10.5,984.1,5.5,2.9,18,32,34,35,20707,26837,26668,15861,17099,12710,15409,4205,0.0,0.0
W0MXX,466,4264594,-7181644,20,10,32,321,0.2,0,16,10.6,984.0,5.5,2.9,18,34,35,34,20797,26933,26769,15923,17172,12766,15486,4208,0.0,0.0
W0MXX,467,4264592,-7181645,20,10,52,321,0.0,0,16,10.7,984.1,5.5,2.9,17,32,36,35,20929,27087,26924,16018,17260,12830,15591,4233,0.0,0.0
W0MXX,468,4264594,-7181644,20,11,12,320,-0.1,0,16,10.9,984.1,5.5,2.9,17,33,35,36,21018,27194,27036,16083,17321,12889,15678,4242,0.0,0.0
W0MXX,469,4264593,-7181644,20,11,32,323,0.3,0,16,11.0,984.0,5.5,2.9,16,32,36,36,21139,27334,27178,16172,17400,12952,15775,4266,0.0,0.0
W0MXX,470,4264591,-7181642,20,11,52,321,-0.2,2,16,11.1,984.1,5.4,2.9,18,33,34,33,21256,27470,27310,16248,17483,13013,15884,4278,0.0,0.0
W0MXX,471,4264592,-7181643,20,12,12,317,-0.4,1,16,11.2,984.2,5.5,2.9,17,31,36,36,21370,27603,27445,16340,17571,13083,15978,4296,0.0,0.0
W0MXX,472,4264590,-7181645,20,12,32,309,-0.9,0,16,11.3,984.1,5.5,2.9,16,33,35,37,21508,27761,27610,16437,17665,13160,16082,4328,0.0,0.0
W0MXX,473,4264589,-7181648,20,12,52,309,0.0,0,15,11.4,984.1,5.5,2.9,17,33,36,35,21618,27893,27749,16532,17759,13225,16184,4341,0.0,0.0
W0MXX,474,4264586,-7181649,20,13,12,311,0.2,0,14,11.6,984.2,5.5,2.9,17,31,35,34,21729,28009,27862,16620,17845,13297,16275,4361,0.0,0.0
W0MXX,475,4264583,-7181649,20,13,32,309,-0.2,0,14,11.7,984.1,5.5,2.9,18,34,35,37,21801,28104,27951,16675,17925,13357,16367,4374,0.0,0.0
W0MXX,476,4264582,-7181651,20,13,52,310,0.1,0,13,11.8,984.2,5.5,2.9,18,32,34,35,21891,28206,28060,16746,18016,13426,16458,4394,0.0,0.0
W0MXX,477,4264581,-7181649,20,14,12,310,0.0,0,13,11.9,984.1,5.5,2.9,17,34,36,34,21950,28285,28139,16768,18082,13486,16537,4411,0.0,0.0
W0MXX,478,4264581,-7181648,20,14,32,313,0.3,0,13,12.0,984.2,5.5,2.9,19,32,35,36,22039,28388,28241,16794,18181,13555,16629,4433,0.0,0.0
W0MXX,479,4264584,-7181648,20,14,52,312,-0.1,0,13,12.1,984.2,5.4,2.9,19,33,37,36,22193,28540,28400,16907,18291,13644,16739,4455,0.0,0.0
W0MXX,480,4264589,-7181648,20,15,12,306,-0.7,0,13,12.2,984.1,5.4,2.9,18,34,36,37,22282,28633,28501,16972,18379,13709,16828,4476,0.0,0.0
W0MXX,481,4264590,-7181648,20,15,47,306,0.0,2,13,12.4,984.1,5.4,2.9,53,83,67,36,22405,28933,29043,17199,19735,13861,17045,4695,0.0,0.0
W0MXX,482,4264590,-7181648,20,15,56,305,-0.1,0,13,12.5,984.2,5.4,2.9,18,35,36,36,22491,28877,28772,17178,18594,13870,17037,4518,0.0,0.0
W0MXX,483,4264592,-7181647,20,16,16,308,0.2,1,13,12.6,984.1,5.4,2.9,18,34,37,36,22588,28994,28888,17270,18708,13947,17142,4545,0.0,0.0
W0MXX,484,4264592,-7181648,20,16,36,308,0.0,0,13,12.7,984.2,5.3,2.9,19,34,36,36,22666,29099,28991,17358,18806,14020,17225,4568,0.0,0.0
W0MXX,485,4264592,-7181647,20,16,56,311,0.3,0,14,12.8,984.2,5.4,2.9,18,34,36,37,22755,29209,29104,17446,18895,14087,17316,4586,0.0,0.0
W0MXX,486,4264593,-7181645,20,17,16,307,-0.4,0,14,12.9,984.2,5.3,2.9,18,36,37,38,22837,29309,29216,17532,18995,14161,17394,4615,0.0,0.0
W0MXX,487,4264592,-7181642,20,17,36,307,-0.0,0,13,13.0,984.1,5.3,2.9,20,35,36,37,22933,29416,29334,17626,19093,14220,17484,4634,0.0,0.0
W0MXX,488,4264592,-7181640,20,17,56,301,-0.6,1,13,13.1,984.1,5.3,2.9,20,34,37,36,23003,29501,29419,17700,19206,14302,17564,4659,0.0,0.0
W0MXX,489,4264593,-7181641,20,18,16,304,0.3,0,13,13.2,984.1,5.4,2.9,19,34,37,37,23104,29624,29548,17791,19304,14369,17646,4687,0.0,0.0
W0MXX,490,4264594,-7181642,20,18,36,309,0.6,0,13,13.3,984.1,5.3,2.9,20,35,38,38,23173,29701,29639,17849,19389,14440,17728,4703,0.0,0.0
W0MXX,491,4264596,-7181640,20,18,56,313,0.4,1,13,13.3,984.1,5.2,2.9,20,34,37,37,23225,29771,29710,17896,19478,14500,17793,4731,0.0,0.0
W0MXX,492,4264598,-7181641,20,19,16,313,-0.0,1,13,13.5,984.1,5.2,2.9,20,34,38,36,23272,29830,29778,17943,19572,14563,17856,4748,0.0,0.0
W0MXX,493,4264599,-7181644,20,19,36,313,0.0,0,13,13.6,984.1,5.2,2.9,20,35,38,37,23336,29898,29842,17992,19656,14620,17931,4765,0.0,0.0
W0MXX,494,4264598,-7181644,20,19,56,315,0.2,0,13,13.6,984.1,5.2,2.9,20,36,36,38,23385,29968,29924,18041,19739,14679,18005,4788,0.0,0.0
W0MXX,495,4264598,-7181643,20,20,16,314,-0.2,0,13,13.7,984.1,5.2,2.9,21,35,38,37,23458,30052,30012,18101,19838,14745,18068,4810,0.0,0.0
W0MXX,496,4264600,-7181644,20,20,36,314,0.1,1,13,13.8,984.1,5.3,2.9,21,34,37,38,23559,30164,30132,18187,19910,14807,18154,4830,0.0,0.0
W0MXX,497,4264600,-7181640,20,20,56,317,0.2,0,13,13.9,984.1,5.3,2.9,21,34,38,37,23580,30188,30159,18198,19988,14852,18209,4849,0.0,0.0
W0MXX,498,4264599,-7181641,20,21,16,316,-0.0,0,13,14.0,984.1,5.2,2.9,22,37,38,38,23616,30243,30217,18227,20064,14899,18266,4862,0.0,0.0
W0MXX,499,4264598,-7181643,20,21,36,315,-0.2,0,13,14.1,984.2,5.3,2.9,21,35,38,39,23721,30366,30348,18301,20166,14974,18351,4883,0.0,0.0
W0MXX,500,4264597,-7181643,20,21,56,316,0.1,0,13,14.2,984.2,5.3,2.9,22,35,38,39,23825,30483,30468,18389,20229,15021,18412,4898,0.0,0.0
W0MXX,501,4264596,-7181643,20,22,16,314,-0.2,0,13,14.2,984.2,5.2,2.9,20,36,37,37,23833,30487,30484,18402,20296,15052,18452,4916,0.0,0.0
W0MXX,502,4264596,-7181644,20,22,36,314,-0.1,0,13,14.3,984.2,5.2,2.9,21,36,38,38,23876,30532,30526,18523,20368,15099,18504,4927,0.0,0.0
W0MXX,503,4264597,-7181644,20,22,56,313,-0.1,1,13,14.4,984.2,5.3,2.9,20,36,37,37,23960,30636,30637,18563,20453,15160,18593,4949,0.0,0.0
W0MXX,504,4264596,-7181645,20,23,16,310,-0.3,0,13,14.5,984.1,5.3,2.9,22,35,38,38,24063,30750,30752,18642,20517,15219,18641,4968,0.0,0.0
W0MXX,505,4264594,-7181646,20,23,36,310,-0.0,0,13,14.6,984.2,5.3,2.9,21,37,38,37,24141,30837,30851,18708,20584,15258,18689,4984,0.0,0.0
W0MXX,506,4264593,-7181645,20,23,56,314,0.5,0,13,14.6,984.2,5.2,2.9,21,37,40,37,24143,30846,30860,18707,20638,15284,18708,4991,0.0,0.0
W0MXX,507,4264592,-7181644,20,24,16,315,0.1,1,13,14.7,984.1,5.2,2.9,22,37,38,38,24234,30943,30971,18787,20714,15334,18766,5011,0.0,0.0
W0MXX,508,4264592,-7181648,20,24,36,316,0.1,0,13,14.8,984.2,5.3,2.9,21,36,37,38,24307,31021,31059,18840,20780,15388,18831,5030,0.0,0.0
W0MXX,509,4264592,-7181650,20,24,56,321,0.5,1,12,14.9,984.2,5.2,2.9,22,35,38,37,24374,31110,31142,18897,20847,15433,18884,5049,0.0,0.0
W0MXX,510,4264589,-7181649,20,25,16,328,0.8,0,13,15.0,984.1,5.2,2.9,20,36,37,38,24427,31175,31214,18950,20901,15474,18922,5052,0.0,0.0
W0MXX,511,4264592,-7181646,20,25,36,329,0.1,1,13,15.1,984.2,5.3,2.9,21,37,38,38,24496,31258,31299,19010,20969,15514,18971,5073,0.0,0.0
W0MXX,512,4264594,-7181647,20,25,56,332,0.3,0,13,15.1,984.2,5.2,2.9,21,36,38,40,24603,31372,31418,19085,21047,15568,19027,5086,0.0,0.0
W0MXX,513,4264597,-7181645,20,26,16,335,0.4,0,13,15.2,984.2,5.2,2.9,22,36,38,38,24684,31468,31514,19152,21108,15608,19056,5105,0.0,0.0
W0MXX,514,4264596,-7181643,20,26,36,334,-0.1,0,13,15.3,984.2,5.2,2.9,21,36,37,37,24745,31539,31585,19207,21152,15634,19085,5116,0.0,0.0
W0MXX,515,4264595,-7181644,20,26,56,336,0.3,0,13,15.4,984.1,5.2,3.0,21,36,38,38,24804,31604,31656,19255,21196,15666,19119,5123,0.0,0.0
W0MXX,516,4264593,-7181643,20,27,16,337,0.1,1,12,15.5,984.1,5.2,2.9,21,34,37,36,24834,31639,31696,19279,21230,15685,19123,5128,0.0,0.0
W0MXX,517,4264593,-7181644,20,27,36,333,-0.4,0,13,15.6,984.1,5.2,2.9,20,36,37,37,24906,31722,31779,19337,21277,15718,19154,5142,0.0,0.0
W0MXX,518,4264593,-7181645,20,27,56,329,-0.5,0,13,15.6,984.2,5.2,2.9,22,35,37,37,24994,31810,31881,19407,21325,15753,19180,5153,0.0,0.0
W0MXX,519,4264597,-7181646,20,28,16,329,-0.0,0,13,15.7,984.2,5.2,2.9,21,36,38,38,25092,31922,31991,19491,21385,15797,19213,5165,0.0,0.0
W0MXX,520,4264597,-7181647,20,28,36,325,-0.4,0,13,15.8,984.2,5.1,2.9,22,36,37,36,25158,31999,32068,19544,21412,15806,19239,5167,0.0,0.0
W0MXX,521,4264596,-7181646,20,28,56,323,-0.2,0,13,15.8,984.2,5.2,2.9,21,36,38,36,25252,32090,32173,19618,21457,15838,19252,5178,0.0,0.0
W0MXX,522,4264596,-7181646,20,29,16,320,-0.3,0,13,15.9,984.2,5.2,2.9,21,37,38,37,25314,32154,32238,19665,21485,15860,19273,5191,0.0,0.0
W0MXX,523,4264595,-7181646,20,29,36,322,0.2,0,13,16.0,984.2,5.1,2.9,20,35,39,38,25400,32245,32337,19736,21520,15879,19296,5196,0.0,0.0
W0MXX,524,4264594,-7181648,20,29,56,319,-0.3,0,13,16.1,984.2,5.1,2.9,22,34,37,37,25424,32279,32364,19758,21531,15891,19297,5201,0.0,0.0
W0MXX,525,4264592,-7181649,20,30,16,320,0.1,0,13,16.1,984.1,5.1,2.9,21,36,37,38,25491,32357,32455,19818,21553,15894,19303,5201,0.0,0.0
W0MXX,526,4264589,-7181650,20,30,36,320,0.1,0,13,16.2,984.2,5.1,2.9,19,37,37,38,25575,32444,32550,19881,21571,15913,19327,5207,0.0,0.0
W0MXX,527,4264588,-7181652,20,30,56,318,-0.3,1,13,16.3,984.2,5.1,2.9,21,34,36,36,25668,32541,32642,19955,21611,15937,19343,5217,0.0,0.0
W0MXX,528,4264587,-7181650,20,31,16,319,0.1,3,13,16.3,984.2,5.2,2.9,20,36,38,37,25714,32585,32699,19988,21627,15952,19359,5214,0.0,0.0
W0MXX,529,4264587,-7181649,20,31,36,317,-0.2,0,13,16.4,984.2,5.1,2.9,21,35,37,36,25795,32680,32793,20059,21648,15967,19368,5223,0.0,0.0
W0MXX,530,4264589,-7181648,20,31,56,316,-0.1,0,13,16.5,984.2,5.1,2.9,20,34,37,36,25848,32744,32860,20104,21674,15982,19389,5227,0.0,0.0
W0MXX,531,4264589,-7181649,20,32,16,314,-0.3,0,13,16.5,984.2,5.0,2.9,20,35,38,37,25926,32832,32954,20168,21692,16000,19400,5234,0.0,0.0
W0MXX,532,4264589,-7181649,20,32,36,313,-0.0,0,13,16.6,984.2,5.0,2.9,20,35,38,36,26022,32941,33058,20244,21723,16030,19416,5240,0.0,0.0
W0MXX,533,4264589,-7181647,20,32,56,312,-0.1,0,14,16.7,984.2,5.0,2.9,20,35,36,37,26105,33033,33146,20308,21750,16032,19431,5244,0.0,0.0
W0MXX,534,4264588,-7181647,20,33,16,314,0.2,0,14,16.7,984.1,5.0,3.0,21,35,37,37,26180,33128,33240,20370,21764,16051,19448,5247,0.0,0.0
W0MXX,535,4264586,-7181646,20,33,36,314,-0.1,0,14,16.8,984.2,5.0,2.9,20,35,37,37,26257,33209,33322,20435,21782,16062,19447,5249,0.0,0.0
W0MXX,536,4264585,-7181647,20,33,56,313,-0.1,1,14,16.9,984.3,5.0,2.9,21,35,37,37,26334,33282,33395,20501,21799,16065,19459,5256,0.0,0.0
W0MXX,537,4264584,-7181647,20,34,16,314,0.1,1,13,16.9,984.3,5.0,2.9,21,34,36,36,26403,33357,33486,20560,21807,16078,19473,5259,0.0,0.0
W0MXX,538,4264584,-7181647,20,34,36,315,0.1,1,14,17.0,984.3,5.0,2.9,20,34,36,36,26481,33426,33567,20615,21823,16083,19465,5269,0.0,0.0
W0MXX,539,4264584,-7181646,20,34,56,314,-0.0,0,14,17.1,984.3,4.9,3.0,20,35,36,36,26551,33515,33649,20674,21835,16091,19469,5268,0.0,0.0
W0MXX,540,4264586,-7181645,20,35,16,315,0.1,0,13,17.2,984.3,4.9,2.9,20,35,35,38,26634,33593,33736,20731,21850,16101,19486,5266,0.0,0.0
W0MXX,541,4264584,-7181647,20,35,51,318,0.2,0,14,17.2,984.3,4.9,2.9,45,59,45,76,26814,33732,33835,20792,21867,16117,19511,5280,0.0,0.0
W0MXX,542,4264584,-7181648,20,36,00,316,-0.2,0,14,17.3,984.2,4.9,2.9,20,36,37,35,26750,33735,33882,20819,21890,16136,19531,5276,0.0,0.0
W0MXX,543,4264585,-7181648,20,36,20,313,-0.3,1,13,17.4,984.2,4.9,2.9,19,34,38,36,26779,33765,33925,20835,21898,16139,19547,5288,0.0,0.0
W0MXX,544,4264588,-7181648,20,36,40,313,-0.0,0,14,17.4,984.3,4.9,2.9,20,35,36,36,26791,33782,33947,20843,21903,16142,19538,5286,0.0,0.0
W0MXX,545,4264589,-7181648,20,37,00,310,-0.3,0,14,17.5,984.2,4.8,2.9,18,32,35,37,26801,33789,33960,20850,21895,16140,19532,5290,0.0,0.0
W0MXX,546,4264589,-7181647,20,37,20,312,0.2,0,14,17.6,984.2,4.8,2.9,20,35,37,36,26858,33867,34034,20895,21922,16155,19556,5285,0.0,0.0
W0MXX,547,4264590,-7181646,20,37,40,311,-0.1,1,14,17.6,984.2,4.8,2.9,22,34,36,37,26947,33957,34142,20966,21935,16164,19571,5299,0.0,0.0
W0MXX,548,4264589,-7181644,20,38,00,308,-0.3,0,14,17.7,984.3,4.8,2.9,20,33,37,35,27009,34015,34202,21006,21947,16173,19585,5299,0.0,0.0
W0MXX,549,4264591,-7181643,20,38,20,308,0.0,1,14,17.7,984.2,4.8,2.9,20,35,35,34,27080,34106,34283,21071,21967,16190,19603,5300,0.0,0.0
W0MXX,550,4264588,-7181645,20,38,40,305,-0.4,2,14,17.8,984.3,4.8,3.0,20,33,36,36,27144,34177,34364,21119,21970,16188,19600,5307,0.0,0.0
W0MXX,551,4264586,-7181647,20,39,00,304,-0.1,0,14,17.9,984.2,4.8,2.9,20,33,37,36,27221,34268,34454,21176,21995,16201,19607,5310,0.0,0.0
W0MXX,552,4264585,-7181649,20,39,20,303,-0.0,0,14,17.9,984.3,4.7,2.9,20,34,35,34,27286,34344,34531,21226,22003,16213,19624,5312,0.0,0.0
W0MXX,553,4264585,-7181650,20,39,40,303,-0.0,0,14,18.0,984.2,4.7,2.9,18,33,36,34,27348,34409,34596,21276,22010,16219,19620,5311,0.0,0.0
W0MXX,554,4264584,-7181649,20,40,00,302,-0.1,1,14,18.1,984.4,4.7,2.9,19,34,34,35,27396,34460,34658,21308,22018,16218,19622,5311,0.0,0.0
W0MXX,555,4264585,-7181648,20,40,20,305,0.3,0,14,18.1,984.3,4.7,2.9,21,33,34,34,27447,34512,34708,21340,22019,16218,19616,5314,0.0,0.0
W0MXX,556,4264589,-7181644,20,40,40,304,-0.1,0,14,18.2,984.3,4.7,2.9,20,34,34,35,27500,34571,34778,21385,22020,16226,19615,5318,0.0,0.0
W0MXX,557,4264592,-7181646,20,41,00,306,0.2,0,14,18.3,984.3,4.7,2.9,19,33,34,34,27533,34610,34816,21417,22027,16225,19611,5317,0.0,0.0
W0MXX,558,4264594,-7181649,20,41,20,303,-0.3,1,14,18.3,984.3,4.7,2.9,18,34,36,34,27575,34657,34865,21447,22034,16221,19652,5313,0.0,0.0
W0MXX,559,4264594,-7181647,20,41,40,306,0.3,0,14,18.4,984.3,4.6,2.9,18,34,34,35,27605,34686,34901,21470,22031,16222,19648,5315,0.0,0.0
W0MXX,560,4264595,-7181645,20,42,00,307,0.1,0,14,18.5,984.3,4.6,2.9,18,35,36,35,27664,34749,34969,21506,22046,16233,19663,5322,0.0,0.0
W0MXX,561,4264595,-7181643,20,42,20,308,0.0,0,14,18.5,984.3,4.6,2.9,19,34,36,34,27730,34815,35045,21547,22058,16234,19661,5325,0.0,0.0
W0MXX,562,4264592,-7181643,20,42,40,311,0.4,0,14,18.6,984.3,4.5,2.9,20,32,35,35,27742,34827,35061,21545,22062,16238,19673,5320,0.0,0.0
W0MXX,563,4264592,-7181647,20,43,00,311,-0.1,0,14,18.6,984.3,4.6,2.9,21,32,36,34,27754,34845,35078,21542,22053,16230,19640,5317,0.0,0.0
W0MXX,564,4264589,-7181651,20,43,20,312,0.2,0,14,18.7,984.3,4.6,2.9,19,33,35,35,27816,34911,35149,21582,22060,16241,19642,5320,0.0,0.0
W0MXX,565,4264590,-7181649,20,43,40,313,0.1,0,14,18.7,984.3,4.6,2.9,20,34,34,35,27902,35002,35244,21636,22061,16243,19641,5328,0.0,0.0
W0MXX,566,4264589,-7181648,20,44,00,313,0.0,0,14,18.8,984.4,4.5,2.9,19,34,34,34,27946,35050,35300,21657,22067,16240,19640,5332,0.0,0.0
W0MXX,567,4264592,-7181646,20,44,20,310,-0.4,0,15,18.9,984.3,4.5,2.9,20,33,36,36,28025,35132,35379,21686,22069,16242,19652,5330,0.0,0.0
W0MXX,568,4264590,-7181643,20,44,40,310,0.1,0,15,18.9,984.3,4.5,3.0,19,35,36,34,28078,35178,35437,21702,22075,16241,19635,5329,0.0,0.0
W0MXX,569,4264591,-7181643,20,45,00,311,0.1,0,15,19.0,984.4,4.5,2.9,19,33,35,35,28149,35253,35513,21730,22069,16242,19638,5329,0.0,0.0
W0MXX,570,4264594,-7181640,20,45,20,314,0.4,1,15,19.0,984.3,4.5,2.9,18,34,36,36,28215,35324,35594,21773,22073,16248,19622,5326,0.0,0.0
W0MXX,571,4264595,-7181637,20,45,40,314,-0.0,0,15,19.1,984.2,4.5,2.9,20,34,34,35,28283,35400,35669,21831,22073,16250,19621,5333,0.0,0.0
W0MXX,572,4264595,-7181637,20,46,00,315,0.0,1,15,19.1,984.3,4.5,2.9,21,33,36,35,28338,35459,35735,21860,22072,16239,19602,5332,0.0,0.0
W0MXX,573,4264591,-7181641,20,46,20,316,0.1,0,14,19.2,984.3,4.4,3.0,20,35,35,35,28404,35520,35807,21908,22066,16232,19603,5326,0.0,0.0
W0MXX,574,4264588,-7181644,20,46,40,319,0.3,1,15,19.3,984.3,4.4,3.0,21,34,36,36,28464,35576,35872,21940,22076,16225,19588,5330,0.0,0.0
W0MXX,575,4264586,-7181646,20,47,00,322,0.3,0,15,19.3,984.3,4.4,3.0,20,33,35,34,28518,35641,35937,21977,22075,16224,19580,5326,0.0,0.0
W0MXX,576,4264586,-7181648,20,47,20,321,-0.1,0,15,19.4,984.3,4.4,3.0,22,36,35,35,28577,35711,36006,22014,22069,16223,19560,5329,0.0,0.0
W0MXX,577,4264587,-7181648,20,47,40,319,-0.2,0,15,19.4,984.3,4.4,3.0,21,32,35,35,28652,35783,36076,22080,22054,16220,19563,5331,0.0,0.0
W0MXX,578,4264588,-7181649,20,48,00,321,0.3,0,15,19.5,984.3,4.4,3.0,20,34,34,34,28710,35860,36150,22124,22061,16215,19553,5332,0.0,0.0
W0MXX,579,4264589,-7181648,20,48,20,320,-0.1,0,15,19.5,984.3,4.4,2.9,20,33,35,37,28772,35921,36221,22173,22067,16214,19537,5331,0.0,0.0
W0MXX,580,4264589,-7181649,20,48,40,319,-0.1,0,16,19.6,984.4,4.3,2.9,21,35,35,34,28812,35966,36267,22206,22056,16207,19526,5323,0.0,0.0
W0MXX,581,4264591,-7181647,20,49,00,317,-0.3,0,16,19.6,984.3,4.3,3.0,18,34,37,35,28864,36022,36330,22240,22044,16203,19518,5330,0.0,0.0
W0MXX,582,4264593,-7181644,20,49,20,316,-0.1,0,16,19.7,984.4,4.3,2.9,19,34,34,35,28875,36026,36342,22244,22032,16185,19504,5326,0.0,0.0
W0MXX,583,4264599,-7181646,20,49,40,319,0.3,0,16,19.7,984.5,4.3,2.9,21,32,35,35,28930,36090,36404,22289,22024,16187,19506,5322,0.0,0.0
W0MXX,584,4264597,-7181646,20,50,00,316,-0.3,1,16,19.8,984.3,4.3,3.0,21,35,34,36,28975,36142,36459,22330,22010,16180,19507,5316,0.0,0.0
W0MXX,585,4264597,-7181644,20,50,20,312,-0.4,0,16,19.8,984.3,4.3,3.0,20,34,35,35,28984,36156,36489,22329,22004,16166,19493,5316,0.0,0.0
W0MXX,586,4264595,-7181646,20,50,40,313,0.1,0,16,19.9,984.4,4.3,2.9,20,34,35,34,29042,36222,36559,22374,21999,16174,19500,5319,0.0,0.0
W0MXX,587,4264595,-7181645,20,51,00,313,0.0,0,16,19.9,984.4,4.3,3.0,20,33,36,34,29082,36258,36596,22391,21998,16167,19497,5315,0.0,0.0
W0MXX,588,4264595,-7181646,20,51,20,310,-0.3,0,16,20.0,984.4,4.3,2.9,20,34,36,36,29145,36326,36666,22426,21990,16163,19488,5313,0.0,0.0
W0MXX,589,4264594,-7181647,20,51,40,311,0.0,0,15,20.0,984.4,4.3,3.0,20,33,35,35,29183,36374,36715,22445,21987,16156,19494,5314,0.0,0.0
W0MXX,590,4264594,-7181650,20,52,00,308,-0.3,0,16,20.1,984.4,4.3,2.9,20,34,36,36,29240,36431,36784,22476,21980,16163,19489,5319,0.0,0.0
W0MXX,591,4264590,-7181646,20,52,20,308,0.0,0,16,20.1,984.5,4.2,2.9,20,33,35,35,29300,36496,36846,22499,21981,16154,19483,5312,0.0,0.0
W0MXX,592,4264590,-7181647,20,52,40,311,0.3,0,16,20.2,984.4,4.2,2.9,22,33,35,35,29355,36553,36909,22525,21978,16159,19490,5312,0.0,0.0
W0MXX,593,4264590,-7181646,20,53,00,312,0.1,0,16,20.2,984.4,4.2,2.9,19,33,32,36,29396,36605,36966,22544,21969,16160,19496,5311,0.0,0.0
W0MXX,594,4264591,-7181643,20,53,20,310,-0.2,0,16,20.3,984.4,4.2,3.0,21,33,35,35,29453,36659,37015,22570,21969,16156,19499,5311,0.0,0.0
W0MXX,595,4264592,-7181641,20,53,40,309,-0.2,0,16,20.3,984.4,4.2,2.9,20,33,35,35,29511,36726,37089,22605,21974,16156,19493,5314,0.0,0.0
W0MXX,596,4264590,-7181643,20,54,00,310,0.2,1,16,20.4,984.4,4.2,3.0,19,34,35,37,29551,36777,37142,22614,21968,16163,19490,5316,0.0,0.0
W0MXX,597,4264592,-7181644,20,54,20,312,0.2,0,15,20.4,984.4,4.2,3.0,20,33,36,35,29623,36840,37208,22602,21979,16159,19491,5317,0.0,0.0
W0MXX,598,4264591,-7181645,20,54,40,312,0.0,0,15,20.5,984.5,4.2,2.9,18,34,34,34,29638,36866,37240,22477,21959,16152,19480,5318,0.0,0.0
W0MXX,599,4264594,-7181644,20,55,00,310,-0.2,0,15,20.5,984.4,4.3,3.0,18,33,35,35,29651,36883,37256,22352,21960,16151,19481,5313,0.0,0.0
W0MXX,600,4264597,-7181645,20,55,20,309,-0.1,0,16,20.5,984.4,4.1,2.9,20,32,37,35,29693,36929,37308,22396,21957,16153,19479,5304,0.0,0.0
W0MXX,601,4264593,-7181645,20,55,55,311,0.2,0,16,20.6,984.4,4.1,2.9,40,77,73,50,29750,37090,37468,23038,23608,16152,19480,5308,0.0,0.0
W0MXX,602,4264592,-7181645,20,56,04,313,0.1,0,16,20.7,984.5,4.1,2.9,19,32,33,34,29770,37015,37400,23285,21960,16149,19479,5312,0.0,0.0
W0MXX,603,4264591,-7181646,20,56,24,313,0.0,0,16,20.7,984.4,4.1,3.0,19,34,35,33,29826,37062,37459,23324,21965,16148,19482,5311,0.0,0.0
W0MXX,604,4264591,-7181646,20,56,44,313,0.1,0,16,20.8,984.5,4.1,2.9,22,36,36,36,29833,37085,37474,23325,21949,16131,19482,5305,0.0,0.0
W0MXX,605,4264593,-7181645,20,57,04,313,-0.1,0,16,20.8,984.5,4.1,3.0,22,32,37,38,29882,37131,37523,23360,21951,16138,19479,5310,0.0,0.0
W0MXX,606,4264592,-7181644,20,57,24,313,0.0,0,16,20.8,984.4,4.1,3.0,20,31,36,34,29886,37135,37537,23363,21939,16129,19478,5308,0.0,0.0
W0MXX,607,4264593,-7181648,20,57,44,314,0.1,0,16,20.9,984.5,4.1,3.0,18,34,35,34,29944,37198,37603,23413,21944,16133,19479,5307,0.0,0.0
W0MXX,608,4264592,-7181647,20,58,04,314,-0.0,0,16,20.9,984.5,4.1,3.0,21,34,35,34,29963,37220,37628,23422,21938,16133,19477,5307,0.0,0.0
W0MXX,609,4264593,-7181647,20,58,24,314,0.0,0,16,21.0,984.6,4.1,3.0,21,34,36,33,30110,37378,37791,23556,21951,16150,19482,5305,0.0,0.0
W0MXX,610,4264595,-7181645,20,58,44,315,0.1,0,16,21.0,984.5,4.0,3.0,18,35,35,35,30110,37381,37790,23548,21945,16135,19467,5302,0.0,0.0
W0MXX,611,4264596,-7181645,20,59,04,313,-0.2,0,16,21.0,984.5,4.1,3.0,20,32,35,36,30164,37443,37855,23591,21949,16135,19471,5309,0.0,0.0
W0MXX,612,4264596,-7181643,20,59,24,314,0.1,0,16,21.1,984.5,4.0,3.0,20,36,34,34,30155,37439,37855,23585,21940,16132,19453,5301,0.0,0.0
W0MXX,613,4264596,-7181646,20,59,44,316,0.3,0,16,21.1,984.5,4.0,2.9,20,34,38,36,30218,37515,37931,23639,21950,16143,19470,5305,0.0,0.0
W0MXX,614,4264596,-7181646,21,00,04,317,0.0,1,16,21.2,984.5,4.0,3.0,21,34,36,33,30304,37608,38036,23710,21954,16148,19467,5309,0.0,0.0
W0MXX,615,4264596,-7181646,21,00,24,316,-0.1,0,16,21.2,984.6,4.0,2.9,22,35,36,34,30340,37646,38070,23737,21948,16138,19464,5309,0.0,0.0
W0MXX,616,4264596,-7181645,21,00,44,315,-0.1,0,16,21.3,984.5,4.0,3.0,22,33,36,34,30339,37650,38076,23736,21940,16142,19449,5302,0.0,0.0
W0MXX,617,4264594,-7181645,21,01,04,314,-0.1,0,16,21.3,984.4,4.0,3.0,22,35,34,35,30398,37712,38149,23786,21935,16134,19435,5302,0.0,0.0
W0MXX,618,4264594,-7181641,21,01,24,313,-0.1,0,16,21.3,984.5,4.0,2.9,20,37,35,34,30417,37729,38164,23797,21940,16130,19426,5308,0.0,0.0
W0MXX,619,4264593,-7181640,21,01,44,313,0.1,0,16,21.4,984.6,4.0,3.0,22,36,36,36,30513,37845,38281,23881,21944,16124,19423,5309,0.0,0.0
W0MXX,620,4264593,-7181640,21,02,04,314,0.1,1,15,21.4,984.5,4.0,3.0,21,36,37,36,30548,37872,38322,23904,21930,16127,19431,5311,0.0,0.0
W0MXX,621,4264592,-7181643,21,02,24,312,-0.2,1,15,21.5,984.5,4.1,3.0,23,36,37,35,30562,37894,38356,23918,21931,16121,19432,5306,0.0,0.0
W0MXX,622,4264592,-7181643,21,02,44,312,-0.0,0,16,21.5,984.5,4.0,3.0,24,35,37,37,30678,38012,38456,24017,21928,16129,19440,5305,0.0,0.0
W0MXX,623,4264593,-7181646,21,03,04,313,0.1,1,16,21.6,984.6,4.0,3.0,21,34,37,37,30730,38072,38524,24060,21936,16131,19417,5302,0.0,0.0
W0MXX,624,4264595,-7181646,21,03,24,314,0.1,0,16,21.6,984.5,4.0,3.0,19,36,36,37,30830,38178,38633,24142,21937,16125,19416,5306,0.0,0.0
W0MXX,625,4264595,-7181649,21,03,44,318,0.4,0,16,21.6,984.5,4.0,3.0,22,35,36,38,30978,38347,38795,24270,21937,16128,19406,5310,0.0,0.0
W0MXX,626,4264593,-7181649,21,04,04,319,0.1,0,15,21.7,984.5,4.0,3.0,23,34,36,38,31037,38391,38850,24309,21928,16117,19391,5313,0.0,0.0
W0MXX,627,4264593,-7181649,21,04,24,320,0.1,0,15,21.7,984.5,4.0,3.0,20,35,36,37,31153,38497,38948,24406,21926,16113,19381,5311,0.0,0.0
W0MXX,628,4264594,-7181649,21,04,44,319,-0.1,1,15,21.8,984.4,3.9,3.0,23,35,38,35,31201,38541,38990,24437,21916,16103,19366,5308,0.0,0.0
W0MXX,629,4264595,-7181648,21,05,04,321,0.2,0,16,21.8,984.5,3.9,3.0,24,38,36,36,31240,38595,39049,24466,21913,16095,19359,5300,0.0,0.0
W0MXX,630,4264594,-7181649,21,05,24,320,-0.0,0,16,21.8,984.5,3.9,3.0,21,35,38,38,31288,38634,39090,24490,21897,16091,19333,5297,0.0,0.0
W0MXX,631,4264596,-7181649,21,05,44,321,0.0,0,15,21.9,984.5,3.9,3.0,23,36,38,36,31336,38683,39152,24548,21900,16085,19328,5294,0.0,0.0
W0MXX,632,4264594,-7181648,21,06,04,321,0.0,0,16,21.9,984.5,3.9,3.0,22,38,36,36,31381,38726,39195,24576,21879,16079,19303,5299,0.0,0.0
W0MXX,633,4264593,-7181647,21,06,24,321,0.0,0,16,21.9,984.4,3.9,2.9,23,36,41,37,31433,38776,39255,24622,21864,16067,19302,5289,0.0,0.0
W0MXX,634,4264591,-7181649,21,06,44,323,0.2,1,16,22.0,984.5,3.9,3.0,24,40,38,39,31450,38793,39288,24639,21854,16068,19296,5287,0.0,0.0
W0MXX,635,4264590,-7181650,21,07,04,324,0.1,0,15,22.0,984.4,3.9,3.0,26,35,37,35,31491,38833,39332,24671,21852,16055,19283,5286,0.0,0.0
W0MXX,636,4264587,-7181649,21,07,24,322,-0.2,0,15,22.1,984.5,3.9,3.0,21,35,39,38,31526,38876,39373,24693,21840,16043,19273,5282,0.0,0.0
W0MXX,637,4264585,-7181650,21,07,44,326,0.4,0,15,22.1,984.4,3.9,3.0,23,34,40,38,31519,38870,39373,24687,21826,16029,19269,5285,0.0,0.0
W0MXX,638,4264587,-7181653,21,08,04,325,-0.0,1,14,22.2,984.6,4.0,3.0,23,37,39,39,31504,38853,39365,24675,21814,16020,19254,5278,0.0,0.0
W0MXX,639,4264590,-7181653,21,08,24,325,0.0,0,15,22.2,984.6,3.9,3.0,24,37,38,36,31535,38893,39394,24692,21800,16016,19251,5275,0.0,0.0
W0MXX,640,4264592,-7181653,21,08,44,323,-0.3,0,15,22.2,984.6,3.9,3.0,25,36,40,36,31582,38943,39454,24723,21805,16016,19250,5271,0.0,0.0
W0MXX,641,4264587,-7181654,21,09,04,324,0.1,1,14,22.3,984.6,3.8,3.0,26,37,37,40,31585,38942,39461,24728,21797,16011,19240,5272,0.0,0.0
W0MXX,642,4264589,-7181653,21,09,24,324,0.1,0,14,22.3,984.6,3.9,3.0,25,35,37,36,31597,38949,39469,24732,21792,16007,19229,5274,0.0,0.0
W0MXX,643,4264591,-7181653,21,09,44,326,0.1,0,14,22.4,984.6,3.8,2.9,22,35,39,38,31623,38983,39508,24762,21776,16004,19233,5270,0.0,0.0
W0MXX,644,4264591,-7181651,21,10,04,328,0.2,0,13,22.4,984.6,3.9,3.0,24,38,37,36,31658,39029,39550,24788,21773,15992,19237,5264,0.0,0.0
W0MXX,645,4264591,-7181650,21,10,24,329,0.1,0,14,22.4,984.5,3.9,3.0,22,40,38,40,31662,39027,39565,24782,21768,15986,19222,5267,0.0,0.0
W0MXX,646,4264591,-7181650,21,10,44,330,0.1,0,14,22.5,984.6,3.8,3.0,24,37,40,38,31688,39063,39597,24804,21763,15986,19232,5265,0.0,0.0
W0MXX,647,4264591,-7181651,21,11,04,331,0.2,0,13,22.5,984.5,3.8,3.0,25,39,39,40,31700,39070,39616,24813,21764,15991,19230,5263,0.0,0.0
W0MXX,648,4264589,-7181650,21,11,24,332,0.1,0,14,22.5,984.6,3.8,3.0,25,38,39,39,31740,39121,39665,24850,21760,15989,19226,5262,0.0,0.0
W0MXX,649,4264588,-7181651,21,11,44,333,0.1,0,15,22.6,984.6,3.8,3.0,26,39,40,42,31786,39178,39721,24881,21764,15989,19241,5262,0.0,0.0
W0MXX,650,4264589,-7181651,21,12,04,334,0.1,0,15,22.6,984.6,3.8,2.9,26,39,40,41,31824,39223,39769,24923,21760,15993,19240,5266,0.0,0.0
W0MXX,651,4264591,-7181653,21,12,24,330,-0.4,0,15,22.7,984.6,3.8,3.0,26,38,38,39,31864,39261,39806,24947,21759,15994,19234,5265,0.0,0.0
W0MXX,652,4264591,-7181653,21,12,44,331,0.0,0,15,22.7,984.6,3.8,3.0,26,39,39,42,31886,39295,39835,24965,21753,15994,19252,5261,0.0,0.0
W0MXX,653,4264587,-7181654,21,13,04,329,-0.1,0,15,22.7,984.5,3.8,3.0,26,39,37,37,31924,39333,39879,24991,21754,15989,19238,5258,0.0,0.0
W0MXX,654,4264587,-7181652,21,13,24,327,-0.2,0,14,22.7,984.6,3.8,3.0,27,39,43,38,31963,39367,39914,25019,21745,15990,19245,5267,0.0,0.0
W0MXX,655,4264587,-7181652,21,13,44,325,-0.3,0,14,22.8,984.6,3.8,3.0,26,39,42,39,32009,39415,39975,25058,21754,15992,19240,5270,0.0,0.0
W0MXX,656,4264585,-7181652,21,14,04,325,-0.0,0,14,22.8,984.6,3.8,3.0,25,39,43,39,32046,39461,40017,25088,21766,15990,19241,5261,0.0,0.0
W0MXX,657,4264585,-7181651,21,14,24,325,-0.0,0,14,22.9,984.6,3.8,3.0,27,40,40,42,32080,39492,40057,25116,21749,15989,19224,5264,0.0,0.0
W0MXX,658,4264586,-7181649,21,14,44,323,-0.1,0,14,22.9,984.6,3.8,3.0,23,38,41,38,32123,39539,40100,25144,21749,15981,19199,5261,0.0,0.0
W0MXX,659,4264589,-7181645,21,15,04,321,-0.3,1,14,22.9,984.6,3.8,3.0,27,39,39,39,32160,39577,40136,25260,21748,15983,18794,5263,0.0,0.0
W0MXX,660,4264590,-7181647,21,15,24,319,-0.1,0,14,22.9,984.6,3.7,3.0,25,40,42,43,32172,39591,40163,25259,21692,15930,18911,5257,0.0,0.0
W0MXX,661,4264589,-7181646,21,15,59,317,-0.2,0,14,23.0,984.7,3.7,3.0,63,77,45,42,32289,39851,40517,25670,22025,16041,19039,5454,0.0,0.0
W0MXX,662,4264588,-7181648,21,16,08,319,0.2,1,14,23.0,984.7,3.7,3.0,29,40,42,43,32214,39639,40222,25253,21712,15953,18952,5258,0.0,0.0
W0MXX,663,4264588,-7181648,21,16,28,319,0.0,2,14,23.0,984.7,3.7,3.0,26,41,42,41,32231,39667,40249,25316,21619,15606,19070,5224,0.0,0.0
W0MXX,664,4264588,-7181648,21,16,48,328,0.9,1,14,23.1,984.6,3.7,3.0,27,38,44,40,32255,39684,40273,25326,21632,15618,18997,5224,0.0,0.0
W0MXX,665,4264588,-7181653,21,17,08,329,0.1,0,14,23.1,984.7,3.6,3.0,26,41,41,44,32305,39737,40322,25367,21617,15615,18961,5223,0.0,0.0
W0MXX,666,4264589,-7181652,21,17,28,326,-0.3,0,14,23.1,984.6,3.7,3.0,30,44,41,43,32324,39749,40347,25384,21607,15601,18946,5230,0.0,0.0
W0MXX,667,4264588,-7181653,21,17,48,322,-0.4,1,14,23.1,984.7,3.7,3.0,28,41,43,41,32376,39812,40409,25421,21602,15594,18949,5219,0.0,0.0
W0MXX,668,4264589,-7181652,21,18,08,323,0.1,0,14,23.1,985.5,3.7,3.0,41,40,44,44,32392,39829,40431,25525,21563,15582,19020,5216,0.0,0.0
W0MXX,669,4264596,-7181638,21,18,28,324,0.1,5,13,23.2,985.4,3.6,3.0,20,31,28,30,32290,39724,40311,25433,21506,15537,18978,5200,0.0,0.0
W0MXX,670,4264590,-7181639,21,18,48,330,0.7,1,14,23.2,985.4,3.6,3.0,18,33,34,35,32329,39766,40365,25473,21496,15535,18988,5197,0.0,0.0
W0MXX,671,4264589,-7181643,21,19,08,332,0.2,0,14,23.2,985.4,3.6,3.0,18,32,32,29,32359,39794,40413,25491,21527,15547,19016,5201,0.0,0.0
W0MXX,672,4264593,-7181647,21,19,28,330,-0.2,1,14,23.3,985.4,3.6,3.0,20,34,33,33,32290,39745,40363,25429,21519,15534,19014,5196,0.0,0.0
W0MXX,673,4264595,-7181645,21,19,48,326,-0.4,0,14,23.3,985.4,3.6,3.0,19,31,34,33,32398,39853,40494,25510,21518,15550,19037,5202,0.0,0.0
W0MXX,674,4264597,-7181645,21,20,08,325,-0.1,1,14,23.3,985.5,3.6,3.0,16,33,33,32,32396,39869,40515,25379,21498,15548,19048,5206,0.0,0.0
W0MXX,675,4264597,-7181647,21,20,28,326,0.2,0,14,23.4,985.4,3.6,3.0,19,32,33,31,32373,39843,40503,25489,21513,15546,19083,5198,0.0,0.0
W0MXX,676,4264594,-7181646,21,20,48,324,-0.2,1,14,23.4,985.4,3.6,3.0,20,32,32,33,32311,39776,40433,25422,21468,15549,19105,5179,0.0,0.0
W0MXX,677,4264592,-7181646,21,21,08,321,-0.3,0,14,23.4,985.4,3.6,3.0,18,33,30,32,32290,39774,40447,25419,21563,15623,19216,5218,0.0,0.0
W0MXX,678,4264594,-7181645,21,21,28,325,0.4,1,14,23.5,985.4,3.6,3.0,18,31,30,33,32359,39864,40556,25477,21582,15652,19261,5226,0.0,0.0
W0MXX,679,4264592,-7181644,21,21,48,325,-0.0,0,14,23.5,985.5,3.6,3.0,19,32,32,30,32384,39885,40608,25495,21584,15676,19274,5226,0.0,0.0
W0MXX,680,4264591,-7181645,21,22,08,324,-0.0,1,14,23.6,985.4,3.6,3.0,17,32,27,30,32379,39892,40652,25506,21606,15693,19276,5234,0.0,0.0
W0MXX,681,4264591,-7181643,21,22,28,323,-0.2,1,14,23.6,985.4,3.6,3.0,17,29,31,28,32315,39823,40635,25470,21618,15701,19320,5231,0.0,0.0
W0MXX,682,4264594,-7181644,21,22,48,319,-0.4,0,14,23.7,985.4,3.6,3.0,20,32,33,30,32208,39726,40592,25401,21657,15732,19409,5245,0.0,0.0
W0MXX,683,4264596,-7181644,21,23,08,318,-0.1,0,13,23.7,985.4,3.6,3.0,18,31,33,32,32118,39657,40569,25331,21694,15787,19502,5253,0.0,0.0
W0MXX,684,4264597,-7181639,21,23,28,315,-0.3,0,14,23.8,985.5,3.6,3.0,17,31,30,26,32020,39576,40521,25254,21741,15823,19590,5260,0.0,0.0
W0MXX,685,4264598,-7181643,21,23,48,313,-0.3,0,14,23.9,985.5,3.5,3.0,18,31,30,35,31911,39516,40464,25174,21792,15861,19676,5265,0.0,0.0
W0MXX,686,4264598,-7181644,21,24,08,313,0.0,0,14,23.9,985.4,3.5,3.0,17,31,32,35,31802,39430,40388,25086,21850,15912,19729,5279,0.0,0.0
W0MXX,687,4264598,-7181644,21,24,28,314,0.1,1,14,24.0,985.5,3.5,3.0,18,29,32,30,31742,39401,40340,25025,21927,15975,19795,5304,0.0,0.0
W0MXX,688,4264599,-7181644,21,24,48,314,0.0,1,14,24.0,985.5,3.5,3.0,16,27,30,30,31691,39378,40314,24902,22008,16044,19880,5327,0.0,0.0
W0MXX,689,4264601,-7181647,21,25,08,314,-0.0,0,14,24.1,985.5,3.5,3.0,21,31,32,34,31712,39422,40358,24914,22070,16086,19903,5332,0.0,0.0
W0MXX,690,4264601,-7181651,21,25,28,315,0.1,1,14,24.1,985.7,3.5,3.0,18,32,29,32,31692,39406,40344,24853,22137,16143,19943,5357,0.0,0.0
W0MXX,691,4264605,-7181655,21,25,48,319,0.4,1,14,24.1,985.6,3.5,3.0,18,29,30,28,31697,39410,40355,24699,22179,16160,19951,5360,0.0,0.0
W0MXX,692,4264606,-7181655,21,26,08,323,0.5,1,14,24.2,985.7,3.5,3.0,19,30,30,33,31672,39395,40336,24748,22197,16172,19916,5363,0.0,0.0
W0MXX,693,4264605,-7181656,21,26,28,325,0.2,0,13,24.3,985.6,3.5,3.0,18,30,32,32,31633,39357,40294,23815,22223,16178,19922,5370,0.0,0.0
W0MXX,694,4264605,-7181656,21,26,48,325,0.1,2,14,24.3,985.7,3.5,3.0,17,28,29,31,31627,39355,40291,21518,22229,16178,19945,5366,0.0,0.0
W0MXX,695,4264607,-7181659,21,27,08,325,-0.1,1,14,24.3,985.6,3.5,3.0,18,31,29,30,31610,39346,40277,24307,22250,16185,19948,5369,0.0,0.0
W0MXX,696,4264607,-7181661,21,27,28,326,0.1,1,14,24.4,985.6,3.4,3.0,17,26,27,29,31576,39335,40264,148,22263,16195,19980,5380,0.0,0.0
W0MXX,697,4264607,-7181660,21,27,48,327,0.1,1,13,24.4,985.7,3.4,3.0,15,29,33,27,31575,39340,40268,149,22285,16207,19996,5371,0.0,0.0
W0MXX,698,4264606,-7181655,21,28,08,326,-0.1,0,14,24.5,985.6,3.4,3.0,19,27,30,29,31585,39341,40271,148,22300,16217,20021,5381,0.0,0.0
W0MXX,699,4264605,-7181659,21,28,28,329,0.3,0,14,24.6,985.8,3.4,3.0,15,31,29,27,31583,39339,40255,146,22340,16240,20030,5389,0.0,0.0
W0MXX,700,4264604,-7181659,21,28,48,328,-0.1,0,14,24.6,985.7,3.4,3.0,18,29,28,31,31501,39250,40170,146,22389,16273,20088,5410,0.0,0.0
W0MXX,701,4264605,-7181656,21,29,08,322,-0.7,0,14,24.6,985.7,3.4,3.0,17,27,27,27,31586,39342,40260,148,22482,16354,20163,5434,0.0,0.0
W0MXX,702,4264604,-7181657,21,29,28,323,0.2,1,14,24.6,985.7,3.4,3.0,15,30,28,30,31579,39341,40252,146,22524,16375,20187,5443,0.0,0.0
W0MXX,703,4264605,-7181657,21,29,48,324,0.1,1,14,24.7,985.7,3.4,3.0,15,29,28,25,31630,39396,40331,146,22595,16431,20210,5460,0.0,0.0
W0MXX,704,4264602,-7181657,21,30,08,327,0.3,0,14,24.7,985.8,3.4,3.0,16,29,29,28,31660,39434,40354,147,22631,16476,20221,5476,0.0,0.0
W0MXX,705,4264603,-7181657,21,30,28,325,-0.2,1,14,24.8,985.8,3.4,3.0,17,26,29,28,31785,39552,40496,23812,22662,16478,20185,5488,0.0,0.0
W0MXX,706,4264604,-7181656,21,30,48,320,-0.6,0,14,24.8,985.7,3.4,3.0,15,27,29,30,31794,39582,40538,146,22615,16430,20107,5466,0.0,0.0
W0MXX,707,4264603,-7181654,21,31,08,318,-0.3,0,14,24.8,985.7,3.4,3.0,12,26,26,25,31796,39565,40521,14851,22581,16390,20090,5457,0.0,0.0
W0MXX,708,4264602,-7181654,21,31,28,320,0.2,1,14,24.9,985.7,3.4,3.0,16,23,28,27,31838,39663,40634,148,22561,16369,20055,5445,0.0,0.0
W0MXX,709,4264603,-7181653,21,31,48,317,-0.3,0,14,24.9,985.7,3.4,3.0,16,26,26,25,31909,39756,40745,148,22526,16358,20050,5446,0.0,0.0
W0MXX,710,4264602,-7181653,21,32,08,316,-0.1,1,14,25.0,985.7,3.4,3.0,17,23,25,25,31920,39763,40755,148,22499,16328,20037,5433,0.0,0.0
W0MXX,711,4264602,-7181651,21,32,28,318,0.2,0,14,25.1,985.7,3.4,3.0,15,24,24,29,31944,39762,40745,149,22484,16324,20056,5438,0.0,0.0
W0MXX,712,4264601,-7181650,21,32,48,321,0.3,0,14,25.1,985.7,3.4,3.0,14,28,25,26,31933,39748,40741,150,22483,16326,20064,5420,0.0,0.0
W0MXX,713,4264601,-7181652,21,33,08,322,0.1,0,14,25.1,985.7,3.4,3.0,16,27,26,25,31957,39793,40767,145,22488,16334,20075,5430,0.0,0.0
W0MXX,714,4264600,-7181656,21,33,28,324,0.3,1,14,25.2,985.7,3.4,3.0,16,28,28,27,32004,39819,40787,145,22493,16341,20086,5430,0.0,0.0
W0MXX,715,4264601,-7181656,21,33,48,326,0.3,0,14,25.2,985.7,3.4,3.0,16,27,22,24,32104,39884,40861,149,22500,16341,20087,5424,0.0,0.0
W0MXX,716,4264603,-7181654,21,34,08,326,-0.1,1,14,25.3,985.8,3.4,3.0,14,25,25,28,32393,40037,41068,147,22523,16361,20100,5430,0.0,0.0
W0MXX,717,4264602,-7181655,21,34,28,326,0.1,0,14,25.3,985.7,3.3,3.0,12,25,30,27,32592,40252,41423,149,22545,16376,20120,5436,0.0,0.0
W0MXX,718,4264603,-7181656,21,34,48,322,-0.4,0,14,25.3,985.8,3.3,3.0,14,25,27,24,32610,40260,41420,148,22536,16377,20092,5432,0.0,0.0
W0MXX,719,4264601,-7181658,21,35,08,324,0.2,0,14,25.3,985.7,3.3,3.0,12,25,27,22,32624,40276,41419,148,22539,16369,20077,5425,0.0,0.0
W0MXX,720,4264600,-7181657,21,35,28,324,-0.0,0,14,25.4,985.7,3.3,3.0,16,25,21,26,32623,40271,41418,149,22542,16364,20059,5432,0.0,0.0
W0MXX,721,4264602,-7181654,21,36,03,327,0.2,0,14,25.4,985.8,3.3,3.0,23,45,43,55,32955,40354,41497,151,22552,16361,20056,5430,0.0,0.0
W0MXX,722,4264603,-7181654,21,36,12,329,0.2,1,14,25.4,985.8,3.3,3.0,10,28,26,27,32740,40381,41524,148,22546,16363,20053,5430,0.0,0.0
W0MXX,723,4264604,-7181656,21,36,32,324,-0.5,0,14,25.5,985.8,3.3,3.0,15,24,23,22,32771,40407,41546,147,22547,16360,20028,5428,0.0,0.0
W0MXX,724,4264600,-7181653,21,36,52,322,-0.3,1,14,25.5,985.8,3.3,3.0,16,23,24,23,32802,40449,41594,149,22537,16351,20025,5429,0.0,0.0
W0MXX,725,4264596,-7181659,21,37,12,322,-0.0,0,14,25.5,985.7,3.3,3.0,15,25,26,25,32844,40512,41637,147,22543,16345,20024,5435,0.0,0.0
W0MXX,726,4264597,-7181657,21,37,32,319,-0.2,0,14,25.6,985.7,3.3,3.0,15,24,25,27,32855,40546,41661,147,22550,16349,20019,5428,0.0,0.0
W0MXX,727,4264596,-7181654,21,37,52,318,-0.1,1,14,25.6,985.7,3.3,3.0,17,21,25,21,32883,40578,41684,148,22538,16340,19996,5435,0.0,0.0
W0MXX,728,4264597,-7181654,21,38,12,317,-0.2,0,14,25.6,985.7,3.3,3.0,11,18,26,23,32890,40595,41688,151,22531,16338,19980,5433,0.0,0.0
W0MXX,729,4264601,-7181649,21,38,32,313,-0.4,0,13,25.6,985.8,3.3,3.0,11,22,28,23,32906,40616,41724,150,22518,16324,19970,5430,0.0,0.0
W0MXX,730,4264603,-7181647,21,38,52,311,-0.2,0,14,25.7,985.8,3.3,3.0,13,24,24,21,32941,40663,41749,148,22515,16331,19951,5430,0.0,0.0
W0MXX,731,4264602,-7181646,21,39,12,313,0.2,0,14,25.7,985.8,3.3,3.0,15,24,24,23,33012,40716,41797,145,22515,16320,19945,5431,0.0,0.0
W0MXX,732,4264603,-7181646,21,39,32,314,0.1,0,14,25.7,985.9,3.3,3.0,17,29,27,31,33069,40755,41850,154,22501,16313,19923,5425,0.0,0.0
W0MXX,733,4264602,-7181650,21,39,52,313,-0.1,1,14,25.7,985.9,3.3,3.0,20,32,26,28,33085,40789,41882,154,22502,16292,19920,5424,0.0,0.0
W0MXX,734,4264603,-7181653,21,40,12,313,0.1,1,14,25.8,985.8,3.3,3.0,19,28,31,30,33115,40813,41904,150,22490,16293,19919,5427,0.0,0.0
W0MXX,735,4264602,-7181651,21,40,32,317,0.3,0,14,25.8,985.9,3.3,3.0,16,28,28,27,33160,40837,41935,152,22482,16282,19905,5412,0.0,0.0
W0MXX,736,4264603,-7181651,21,40,52,321,0.5,0,14,25.8,985.9,3.3,3.0,17,27,29,27,33181,40856,41957,153,22463,16275,19882,5413,0.0,0.0
W0MXX,737,4264602,-7181651,21,41,12,322,0.1,1,14,25.8,985.9,3.3,3.0,15,29,25,26,33188,40904,41988,152,22460,16264,19865,5414,0.0,0.0
W0MXX,738,4264602,-7181651,21,41,32,319,-0.4,0,14,25.8,985.9,3.3,3.0,20,29,31,26,33226,40938,42033,154,22458,16264,19874,5407,0.0,0.0
W0MXX,739,4264603,-7181652,21,41,52,319,-0.0,1,14,25.9,985.9,3.3,3.0,18,27,28,26,33255,40957,42058,152,22447,16250,19855,5406,0.0,0.0
W0MXX,740,4264604,-7181653,21,42,12,317,-0.2,0,14,25.9,985.8,3.3,3.0,19,27,24,28,33286,41019,42108,151,22438,16245,19842,5404,0.0,0.0
W0MXX,741,4264602,-7181657,21,42,32,319,0.2,1,14,25.9,985.7,3.3,3.0,15,25,30,25,33352,41096,42207,153,22438,16255,19844,5405,0.0,0.0
W0MXX,742,4264602,-7181660,21,42,52,321,0.2,0,14,26.0,985.8,3.3,3.0,19,29,27,26,33382,41119,42231,153,22417,16231,19823,5405,0.0,0.0
W0MXX,743,4264602,-7181661,21,43,12,324,0.4,0,14,26.0,985.9,3.3,3.0,17,27,33,27,33408,41146,42253,151,22407,16232,19811,5408,0.0,0.0
W0MXX,744,4264603,-7181661,21,43,32,326,0.1,0,14,26.0,985.8,3.3,3.0,19,25,29,28,33432,41175,42289,154,22393,16221,19802,5405,0.0,0.0
W0MXX,745,4264600,-7181658,21,43,52,325,-0.0,0,14,26.0,985.9,3.3,3.0,16,26,28,28,33453,41198,42317,155,22380,16212,19790,5401,0.0,0.0
W0MXX,746,4264601,-7181656,21,44,12,327,0.2,0,14,26.1,985.9,3.3,3.0,20,32,25,26,33473,41221,42328,150,22362,16201,19778,5399,0.0,0.0
W0MXX,747,4264602,-7181657,21,44,32,330,0.3,0,14,26.1,985.8,3.3,3.0,17,31,30,30,33493,41242,42346,155,22358,16187,19754,5392,0.0,0.0
W0MXX,748,4264603,-7181657,21,44,52,332,0.2,1,14,26.1,985.9,3.2,3.0,16,25,29,28,33500,41259,42376,153,22343,16185,19748,5390,0.0,0.0
W0MXX,749,4264604,-7181659,21,45,12,336,0.4,0,14,26.1,986.0,3.3,3.0,18,29,27,27,33599,41350,42466,150,22340,16161,19731,5388,0.0,0.0
W0MXX,750,4264612,-7181670,21,45,32,339,0.3,3,14,26.1,986.4,3.3,3.0,18,32,29,27,33656,41416,42524,155,22326,16158,19728,5388,0.0,0.0
W0MXX,751,4264627,-7181678,21,45,52,332,-0.7,4,14,26.1,986.4,3.3,3.0,17,28,31,30,33745,41490,42608,156,22316,16162,19716,5388,0.0,0.0
W0MXX,752,4264639,-7181670,21,46,12,329,-0.3,1,14,26.1,986.4,3.3,3.0,17,32,28,31,33811,41552,42666,155,22293,16139,19692,5378,0.0,0.0
W0MXX,753,4264645,-7181669,21,46,32,323,-0.7,0,14,26.2,986.4,3.3,3.0,18,27,31,33,33864,41622,42729,154,22292,16130,19677,5384,0.0,0.0
W0MXX,754,4264648,-7181665,21,46,52,325,0.2,0,14,26.2,986.4,3.3,3.0,19,31,29,30,33841,41594,42699,157,22280,16121,19696,5372,0.0,0.0
W0MXX,755,4264650,-7181665,21,47,12,325,0.1,0,12,26.2,986.4,3.3,3.0,21,28,31,36,33822,41588,42683,156,22284,16132,19693,5381,0.0,0.0
W0MXX,756,4264651,-7181668,21,47,32,324,-0.1,0,12,26.3,986.5,3.3,3.0,22,31,27,32,33836,41592,42707,154,22289,16130,19684,5381,0.0,0.0
W0MXX,757,4264650,-7181668,21,47,52,325,0.1,0,14,26.3,986.5,3.3,3.0,18,31,29,30,33856,41612,42743,153,22287,16123,19683,5375,0.0,0.0
W0MXX,758,4264650,-7181663,21,48,12,321,-0.5,0,13,26.3,986.5,3.3,3.0,21,31,30,27,33904,41670,42796,154,22251,16114,19675,5393,0.0,0.0
W0MXX,759,4264651,-7181669,21,48,32,321,0.0,0,13,26.3,986.4,3.3,3.0,21,32,29,29,33934,41707,42853,158,22247,16104,19638,5378,0.0,0.0
W0MXX,760,4264654,-7181671,21,48,52,316,-0.6,0,13,26.3,986.5,3.4,3.0,28,42,42,42,34003,41752,42898,26761,22248,16100,19639,5378,0.0,0.0
W0MXX,761,4264651,-7181674,21,49,12,315,-0.1,0,13,26.3,986.4,3.5,3.0,15,28,32,35,33972,41718,42877,26722,22209,16073,19590,5367,0.0,0.0
W0MXX,762,4264648,-7181677,21,49,32,320,0.5,0,13,26.2,986.5,3.5,3.0,12,34,28,25,33997,41733,42901,24058,22192,16047,19575,5359,0.0,0.0
W0MXX,763,4264648,-7181676,21,49,52,314,-0.6,1,12,26.2,986.5,3.5,3.0,20,32,26,30,33970,41747,42916,11901,22169,15968,7503,5360,0.0,0.0
W0MXX,764,4264653,-7181672,21,50,12,311,-0.3,0,13,26.2,986.5,3.7,3.0,14,27,21,24,33981,41765,42938,155,22166,16024,19544,5352,0.0,0.0
W0MXX,765,4264657,-7181669,21,50,32,311,-0.0,0,13,26.0,986.4,3.7,3.0,19,24,27,30,34020,41793,42967,150,22130,16014,19512,5343,0.0,0.0
W0MXX,766,4264655,-7181665,21,50,52,304,-0.8,1,13,26.0,986.4,3.6,3.0,16,25,26,21,34010,41801,42988,153,22123,16008,19503,5338,0.0,0.0
W0MXX,767,4264651,-7181665,21,51,12,305,0.1,1,13,26.1,986.5,3.6,3.0,24,31,27,35,34069,41843,43023,25390,22125,15996,19502,5339,0.0,0.0
W0MXX,768,4264648,-7181665,21,51,32,306,0.2,0,13,26.1,986.4,3.6,3.0,17,25,32,32,34073,41833,43014,26518,22110,15989,19488,5339,0.0,0.0
W0MXX,769,4264649,-7181663,21,51,52,306,-0.1,0,13,26.1,986.5,3.7,3.0,21,27,28,32,34054,41825,43001,22358,22101,15983,19484,5339,0.0,0.0
W0MXX,770,4264649,-7181664,21,52,12,302,-0.4,2,13,26.0,986.4,3.5,3.0,31,44,44,44,34132,41891,43095,26395,22113,15992,19492,5347,0.0,0.0
W0MXX,771,4264649,-7181663,21,52,32,294,-0.9,1,13,25.9,986.4,3.6,3.0,31,43,45,45,34184,41947,43169,26844,22108,15991,19466,5346,0.0,0.0
W0MXX,772,4264651,-7181658,21,52,52,286,-0.9,1,12,26.0,986.4,3.6,3.0,31,42,44,44,34213,41991,43220,26887,22082,15973,19451,5343,0.0,0.0
W0MXX,773,4264649,-7181656,21,53,12,286,-0.1,0,13,25.8,986.4,3.7,3.0,32,44,44,41,34220,41993,43228,26891,22067,15958,19414,5334,0.0,0.0
W0MXX,774,4264647,-7181659,21,53,32,287,0.2,0,13,25.7,986.5,3.6,3.0,32,43,46,45,34218,41984,43231,26946,22046,15937,19394,5329,0.0,0.0
W0MXX,775,4264650,-7181662,21,53,52,289,0.2,1,13,25.9,986.5,3.8,3.0,30,43,46,41,34161,41918,43159,26868,22022,15944,19386,5330,0.0,0.0
W0MXX,776,4264648,-7181661,21,54,12,289,0.0,0,12,26.0,986.5,4.0,3.0,32,44,45,42,34171,41940,43184,26900,22027,15939,19369,5335,0.0,0.0
W0MXX,777,4264646,-7181664,21,54,32,286,-0.3,1,13,26.1,986.5,3.8,3.0,13,28,30,26,34107,41873,43106,26823,21981,15905,19331,5326,0.0,0.0
W0MXX,778,4264643,-7181663,21,54,52,291,0.5,2,11,26.2,986.4,3.7,3.0,23,39,30,43,34173,41939,43190,26857,21993,15901,19346,5312,0.0,0.0
W0MXX,779,4264643,-7181661,21,55,12,292,0.1,1,12,26.1,986.5,3.8,3.0,22,36,34,37,34100,41869,43121,26787,21970,15896,19321,5316,0.0,0.0
W0MXX,780,4264643,-7181662,21,55,32,293,0.1,1,12,26.1,986.4,3.7,3.0,19,36,36,33,34125,41895,43147,26827,21954,15874,19297,5307,0.0,0.0
W0MXX,781,4264645,-7181664,21,56,07,295,0.2,1,12,26.1,986.5,3.7,3.0,22,29,36,33,34202,41978,43278,26903,22022,15863,19286,5297,0.0,0.0
W0MXX,782,4264645,-7181662,21,56,16,296,0.1,1,12,26.2,986.5,3.8,3.0,24,37,37,35,34222,42011,43266,26894,21913,15838,19274,5293,0.0,0.0
